Workbook

Sheet Dashboard
A1: IT OPERATIONS — LEGACY | B1: Giá trị | C1: Ghi chú
A2: Dữ liệu | B2: SYNTHETIC | C2: Chỉ dùng cho demo
A3: Múi giờ | B3: Asia/Ho_Chi_Minh | C3: Giờ Việt Nam
A4: Tổng yêu cầu | B4: =COUNTA(Requests!A2:A60) -> 8000 | C4: Gồm cấp phát và thu hồi
A5: Yêu cầu cấp laptop | B5: =COUNTIF(Requests!C2:C60,"Laptop allocation") -> 2513
A6: Yêu cầu thu hồi laptop | B6: =COUNTIF(Requests!C2:C60,"Laptop return") -> 2269
A7: Hoàn thành | B7: =COUNTIF(Requests!D2:D60,"Completed") -> 6735
A8: Chờ duyệt | B8: =COUNTIF(Requests!D2:D60,"Pending approval") -> 135
A9: Đã duyệt | B9: =COUNTIF(Requests!D2:D60,"Approved") -> 0
A10: Đang xử lý | B10: =COUNTIF(Requests!D2:D60,"In progress") -> 135
A11: Từ chối | B11: =COUNTIF(Requests!D2:D60,"Rejected") -> 627
A12: Đã hủy | B12: =COUNTIF(Requests!D2:D60,"Cancelled") -> 368
A13: Tổng thiết bị | B13: =COUNTA(Equipment!A2:A60) -> 600
A14: Thiết bị đang cấp | B14: =COUNTIF(Equipment!D2:D60,"Assigned") -> 208
A15: Thiết bị khả dụng | B15: =COUNTIF(Equipment!D2:D60,"Available") -> 392
A16: Tổng nhân viên | B16: =COUNTA(Employees!A2:A60) -> 300 | C16: Gồm quản lý và IT
A17: Tổng sự kiện | B17: =COUNTA(RequestHistory!A2:A60) -> 29470
A18: Số kiểm tra cảnh báo | B18: =COUNTIF(DataChecks!C2:C16,"CHECK") -> 0 | C18: Xem chi tiết ở DataChecks
A19: Sự kiện mới nhất | B19: =MAX(RequestHistory!F2:F60) -> 46309.422 | C19: Thời điểm nghiệp vụ, không phải lần đọc
A20: Lưu ý | B20: Trạng thái không tự tạo lịch sử | C20: Dùng workflow để cập nhật yêu cầu và lịch sử cùng nhau
A21: Apps Script | B21: Múi giờ project chưa xác minh | C21: Cần kiểm tra trước khi chạy thêm mã ghi ngày giờ
A22: Phạm vi kiểm tra | B22: 15 quy tắc tự động | C22: Chưa thay thế kiểm tra vòng đời đầy đủ theo thời gian

Sheet Employees
A1: employee_id | B1: name | C1: department | D1: role
A2: EMP-001 | B2: An Demo | C2: Accounting | D2: Employee
A3: EMP-002 | B3: Binh Demo | C3: IT | D3: Operator
A4: EMP-003 | B4: Chi Demo | C4: Accounting | D4: Manager
A5: H-EMP-001 | B5: Demo Employee 001 | C5: Accounting | D5: Employee
A6: H-EMP-002 | B6: Demo Employee 002 | C6: Sales | D6: Employee
A7: H-EMP-003 | B7: Demo Employee 003 | C7: Operations | D7: Employee
A8: H-EMP-004 | B8: Demo Employee 004 | C8: HR | D8: Employee
A9: H-EMP-005 | B9: Demo Employee 005 | C9: Accounting | D9: Employee
A10: H-EMP-006 | B10: Demo Employee 006 | C10: Sales | D10: Employee
A11: H-EMP-007 | B11: Demo Employee 007 | C11: Operations | D11: Employee
A12: H-EMP-008 | B12: Demo Employee 008 | C12: HR | D12: Employee
... A301: G-EMP-00275 | B301: Demo Employee 300 | C301: Engineering | D301: Employee

Sheet Equipment
A1: asset_id | B1: type | C1: model | D1: status | E1: holder_id
A2: AST-001 | B2: Laptop | C2: Demo Laptop A | D2: Assigned | E2: EMP-001
A3: AST-002 | B3: Monitor | C3: Demo Monitor B | D3: Available
A4: H-AST-001 | B4: Laptop | C4: Demo Laptop 001 | D4: Available
A5: H-AST-002 | B5: Laptop | C5: Demo Laptop 002 | D5: Available
A6: H-AST-003 | B6: Laptop | C6: Demo Laptop 003 | D6: Available
A7: H-AST-004 | B7: Laptop | C7: Demo Laptop 004 | D7: Available
A8: H-AST-005 | B8: Laptop | C8: Demo Laptop 005 | D8: Available
A9: H-AST-006 | B9: Laptop | C9: Demo Laptop 006 | D9: Available
A10: H-AST-007 | B10: Laptop | C10: Demo Laptop 007 | D10: Available
A11: H-AST-008 | B11: Laptop | C11: Demo Laptop 008 | D11: Available
A12: H-AST-009 | B12: Laptop | C12: Demo Laptop 009 | D12: Available
A13: H-AST-010 | B13: Laptop | C13: Demo Laptop 010 | D13: Available
A14: H-AST-011 | B14: Laptop | C14: Demo Laptop 011 | D14: Available
... A51: H-AST-048 | B51: Laptop | C51: Demo Laptop 048 | D51: Available
A52: H-AST-049 | B52: Laptop | C52: Demo Laptop 049 | D52: Assigned | E52: H-EMP-001
A53: H-AST-050 | B53: Laptop | C53: Demo Laptop 050 | D53: Assigned | E53: H-EMP-002
A54: H-AST-051 | B54: Laptop | C54: Demo Laptop 051 | D54: Assigned | E54: H-EMP-003
A55: H-AST-052 | B55: Laptop | C55: Demo Laptop 052 | D55: Assigned | E55: H-EMP-004
A56: H-AST-053 | B56: Laptop | C56: Demo Laptop 053 | D56: Assigned | E56: H-EMP-005
A57: H-AST-054 | B57: Laptop | C57: Demo Laptop 054 | D57: Assigned | E57: H-EMP-006
A58: H-AST-055 | B58: Laptop | C58: Demo Laptop 055 | D58: Assigned | E58: H-EMP-011
A59: H-AST-056 | B59: Laptop | C59: Demo Laptop 056 | D59: Assigned | E59: H-EMP-012
A60: H-AST-057 | B60: Laptop | C60: Demo Laptop 057 | D60: Assigned | E60: H-EMP-013
A61: H-AST-058 | B61: Laptop | C61: Demo Laptop 058 | D61: Assigned | E61: H-EMP-014
A62: H-AST-059 | B62: Laptop | C62: Demo Laptop 059 | D62: Assigned | E62: H-EMP-015
A63: H-AST-060 | B63: Laptop | C63: Demo Laptop 060 | D63: Assigned | E63: H-EMP-016
... A65: G-AST-00002 | B65: Laptop | C65: Demo Fleet Engineering | D65: Assigned | E65: G-EMP-00032
A66: G-AST-00003 | B66: Laptop | C66: Demo Fleet Ultrabook | D66: Available
A67: G-AST-00004 | B67: Laptop | C67: Demo Fleet Standard | D67: Available
A68: G-AST-00005 | B68: Laptop | C68: Demo Fleet Engineering | D68: Assigned | E68: G-EMP-00273
A69: G-AST-00006 | B69: Laptop | C69: Demo Fleet Ultrabook | D69: Assigned | E69: G-EMP-00061
A70: G-AST-00007 | B70: Laptop | C70: Demo Fleet Standard | D70: Assigned | E70: G-EMP-00261
A71: G-AST-00008 | B71: Laptop | C71: Demo Fleet Engineering | D71: Assigned | E71: G-EMP-00222
A72: G-AST-00009 | B72: Laptop | C72: Demo Fleet Ultrabook | D72: Assigned | E72: G-EMP-00040
A73: G-AST-00010 | B73: Laptop | C73: Demo Fleet Standard | D73: Assigned | E73: G-EMP-00182
A74: G-AST-00011 | B74: Laptop | C74: Demo Fleet Engineering | D74: Assigned | E74: G-EMP-00228
A75: G-AST-00012 | B75: Laptop | C75: Demo Fleet Ultrabook | D75: Available
A76: G-AST-00013 | B76: Laptop | C76: Demo Fleet Standard | D76: Assigned | E76: G-EMP-00176
A77: G-AST-00014 | B77: Laptop | C77: Demo Fleet Engineering | D77: Assigned | E77: G-EMP-00084
A78: G-AST-00015 | B78: Laptop | C78: Demo Fleet Ultrabook | D78: Assigned | E78: G-EMP-00155
A79: G-AST-00016 | B79: Laptop | C79: Demo Fleet Standard | D79: Assigned | E79: G-EMP-00098
A80: G-AST-00017 | B80: Laptop | C80: Demo Fleet Engineering | D80: Assigned | E80: G-EMP-00220
A81: G-AST-00018 | B81: Laptop | C81: Demo Fleet Ultrabook | D81: Available
A82: G-AST-00019 | B82: Laptop | C82: Demo Fleet Standard | D82: Assigned | E82: G-EMP-00225
A83: G-AST-00020 | B83: Laptop | C83: Demo Fleet Engineering | D83: Assigned | E83: G-EMP-00068
A84: G-AST-00021 | B84: Laptop | C84: Demo Fleet Ultrabook | D84: Assigned | E84: G-EMP-00227
A85: G-AST-00022 | B85: Laptop | C85: Demo Fleet Standard | D85: Available
A86: G-AST-00023 | B86: Laptop | C86: Demo Fleet Engineering | D86: Assigned | E86: G-EMP-00183
A87: G-AST-00024 | B87: Laptop | C87: Demo Fleet Ultrabook | D87: Available
A88: G-AST-00025 | B88: Laptop | C88: Demo Fleet Standard | D88: Assigned | E88: G-EMP-00264
A89: G-AST-00026 | B89: Laptop | C89: Demo Fleet Engineering | D89: Assigned | E89: G-EMP-00164
A90: G-AST-00027 | B90: Laptop | C90: Demo Fleet Ultrabook | D90: Assigned | E90: G-EMP-00219
A91: G-AST-00028 | B91: Laptop | C91: Demo Fleet Standard | D91: Assigned | E91: G-EMP-00013
A92: G-AST-00029 | B92: Laptop | C92: Demo Fleet Engineering | D92: Assigned | E92: G-EMP-00044
A93: G-AST-00030 | B93: Laptop | C93: Demo Fleet Ultrabook | D93: Assigned | E93: G-EMP-00215
A94: G-AST-00031 | B94: Laptop | C94: Demo Fleet Standard | D94: Available
A95: G-AST-00032 | B95: Laptop | C95: Demo Fleet Engineering | D95: Assigned | E95: G-EMP-00130
A96: G-AST-00033 | B96: Laptop | C96: Demo Fleet Ultrabook | D96: Assigned | E96: G-EMP-00092
A97: G-AST-00034 | B97: Laptop | C97: Demo Fleet Standard | D97: Assigned | E97: G-EMP-00016
A98: G-AST-00035 | B98: Laptop | C98: Demo Fleet Engineering | D98: Assigned | E98: G-EMP-00186
A99: G-AST-00036 | B99: Laptop | C99: Demo Fleet Ultrabook | D99: Assigned | E99: G-EMP-00146
A100: G-AST-00037 | B100: Laptop | C100: Demo Fleet Standard | D100: Assigned | E100: G-EMP-00121
A101: G-AST-00038 | B101: Laptop | C101: Demo Fleet Engineering | D101: Assigned | E101: G-EMP-00174
A102: G-AST-00039 | B102: Laptop | C102: Demo Fleet Ultrabook | D102: Assigned | E102: G-EMP-00255
A103: G-AST-00040 | B103: Laptop | C103: Demo Fleet Standard | D103: Assigned | E103: G-EMP-00160
A104: G-AST-00041 | B104: Laptop | C104: Demo Fleet Engineering | D104: Assigned | E104: G-EMP-00265
A105: G-AST-00042 | B105: Laptop | C105: Demo Fleet Ultrabook | D105: Assigned | E105: G-EMP-00202
A106: G-AST-00043 | B106: Laptop | C106: Demo Fleet Standard | D106: Assigned | E106: G-EMP-00240
... A110: G-AST-00047 | B110: Laptop | C110: Demo Fleet Engineering | D110: Assigned | E110: G-EMP-00006
A111: G-AST-00048 | B111: Laptop | C111: Demo Fleet Ultrabook | D111: Available
A112: G-AST-00049 | B112: Laptop | C112: Demo Fleet Standard | D112: Available
A113: G-AST-00050 | B113: Laptop | C113: Demo Fleet Engineering | D113: Available
A114: G-AST-00051 | B114: Laptop | C114: Demo Fleet Ultrabook | D114: Available
A115: G-AST-00052 | B115: Laptop | C115: Demo Fleet Standard | D115: Available
A116: G-AST-00053 | B116: Laptop | C116: Demo Fleet Engineering | D116: Available
A117: G-AST-00054 | B117: Laptop | C117: Demo Fleet Ultrabook | D117: Available
A118: G-AST-00055 | B118: Laptop | C118: Demo Fleet Standard | D118: Available
A119: G-AST-00056 | B119: Laptop | C119: Demo Fleet Engineering | D119: Available
A120: G-AST-00057 | B120: Laptop | C120: Demo Fleet Ultrabook | D120: Assigned | E120: G-EMP-00056
A121: G-AST-00058 | B121: Laptop | C121: Demo Fleet Standard | D121: Available
A122: G-AST-00059 | B122: Laptop | C122: Demo Fleet Engineering | D122: Available
A123: G-AST-00060 | B123: Laptop | C123: Demo Fleet Ultrabook | D123: Available
A124: G-AST-00061 | B124: Laptop | C124: Demo Fleet Standard | D124: Available
A125: G-AST-00062 | B125: Laptop | C125: Demo Fleet Engineering | D125: Available
A126: G-AST-00063 | B126: Laptop | C126: Demo Fleet Ultrabook | D126: Available
A127: G-AST-00064 | B127: Laptop | C127: Demo Fleet Standard | D127: Available
A128: G-AST-00065 | B128: Laptop | C128: Demo Fleet Engineering | D128: Available
A129: G-AST-00066 | B129: Laptop | C129: Demo Fleet Ultrabook | D129: Available
A130: G-AST-00067 | B130: Laptop | C130: Demo Fleet Standard | D130: Available
A131: G-AST-00068 | B131: Laptop | C131: Demo Fleet Engineering | D131: Available
A132: G-AST-00069 | B132: Laptop | C132: Demo Fleet Ultrabook | D132: Available
... A149: G-AST-00086 | B149: Laptop | C149: Demo Fleet Engineering | D149: Available
A150: G-AST-00087 | B150: Laptop | C150: Demo Fleet Ultrabook | D150: Assigned | E150: G-EMP-00152
A151: G-AST-00088 | B151: Laptop | C151: Demo Fleet Standard | D151: Available
A152: G-AST-00089 | B152: Laptop | C152: Demo Fleet Engineering | D152: Available
A153: G-AST-00090 | B153: Laptop | C153: Demo Fleet Ultrabook | D153: Available
A154: G-AST-00091 | B154: Laptop | C154: Demo Fleet Standard | D154: Assigned | E154: G-EMP-00274
A155: G-AST-00092 | B155: Laptop | C155: Demo Fleet Engineering | D155: Available
A156: G-AST-00093 | B156: Laptop | C156: Demo Fleet Ultrabook | D156: Available
...

Sheet Requests
A1: request_id | B1: employee_id | C1: request_type | D1: status | E1: assigned_to | F1: asset_id | G1: created_at
A2: REQ-001 | B2: EMP-001 | C2: Laptop allocation | D2: Completed | E2: EMP-002 | F2: AST-001 | G2: 46309.417
A3: H-REQ-001 | B3: H-EMP-001 | C3: Laptop allocation | D3: Completed | E3: H-OPERATOR | F3: H-AST-001 | G3: 45761.292
A4: H-REQ-002 | B4: H-EMP-002 | C4: Laptop allocation | D4: Completed | E4: H-OPERATOR | F4: H-AST-002 | G4: 45766.292
A5: H-REQ-003 | B5: H-EMP-003 | C5: Laptop allocation | D5: Completed | E5: H-OPERATOR | F5: H-AST-003 | G5: 45771.292
A6: H-REQ-004 | B6: H-EMP-004 | C6: Laptop allocation | D6: Completed | E6: H-OPERATOR | F6: H-AST-004 | G6: 45776.292
A7: H-REQ-005 | B7: H-EMP-005 | C7: Laptop allocation | D7: Completed | E7: H-OPERATOR | F7: H-AST-005 | G7: 45781.292
A8: H-REQ-006 | B8: H-EMP-006 | C8: Laptop allocation | D8: Completed | E8: H-OPERATOR | F8: H-AST-006 | G8: 45786.292
A9: H-REQ-007 | B9: H-EMP-007 | C9: Laptop allocation | D9: Rejected | G9: 45791.292
A10: H-REQ-008 | B10: H-EMP-008 | C10: Laptop allocation | D10: Cancelled | G10: 45796.292
A11: H-REQ-009 | B11: H-EMP-009 | C11: Laptop allocation | D11: In progress | E11: H-OPERATOR | G11: 46306.292
A12: H-REQ-010 | B12: H-EMP-010 | C12: Laptop allocation | D12: Pending approval | G12: 46305.292
A13: H-REQ-011 | B13: H-EMP-011 | C13: Laptop allocation | D13: Completed | E13: H-OPERATOR | F13: H-AST-007 | G13: 45811.292
A14: H-REQ-012 | B14: H-EMP-012 | C14: Laptop allocation | D14: Completed | E14: H-OPERATOR | F14: H-AST-008 | G14: 45816.292
A15: H-REQ-013 | B15: H-EMP-013 | C15: Laptop allocation | D15: Completed | E15: H-OPERATOR | F15: H-AST-009 | G15: 45821.292
A16: H-REQ-014 | B16: H-EMP-014 | C16: Laptop allocation | D16: Completed | E16: H-OPERATOR | F16: H-AST-010 | G16: 45826.292
A17: H-REQ-015 | B17: H-EMP-015 | C17: Laptop allocation | D17: Completed | E17: H-OPERATOR | F17: H-AST-011 | G17: 45831.292
A18: H-REQ-016 | B18: H-EMP-016 | C18: Laptop allocation | D18: Completed | E18: H-OPERATOR | F18: H-AST-012 | G18: 45836.292
A19: H-REQ-017 | B19: H-EMP-017 | C19: Laptop allocation | D19: Rejected | G19: 45841.292
A20: H-REQ-018 | B20: H-EMP-018 | C20: Laptop allocation | D20: Cancelled | G20: 45846.292
A21: H-REQ-019 | B21: H-EMP-019 | C21: Laptop allocation | D21: In progress | E21: H-OPERATOR | G21: 46303.292
A22: H-REQ-020 | B22: H-EMP-020 | C22: Laptop allocation | D22: Pending approval | G22: 46302.292
A23: H-REQ-021 | B23: H-EMP-001 | C23: Laptop allocation | D23: Completed | E23: H-OPERATOR | F23: H-AST-013 | G23: 45861.292
A24: H-REQ-022 | B24: H-EMP-002 | C24: Laptop allocation | D24: Completed | E24: H-OPERATOR | F24: H-AST-014 | G24: 45866.292
A25: H-REQ-023 | B25: H-EMP-003 | C25: Laptop allocation | D25: Completed | E25: H-OPERATOR | F25: H-AST-015 | G25: 45871.292
A26: H-REQ-024 | B26: H-EMP-004 | C26: Laptop allocation | D26: Completed | E26: H-OPERATOR | F26: H-AST-016 | G26: 45876.292
A27: H-REQ-025 | B27: H-EMP-005 | C27: Laptop allocation | D27: Completed | E27: H-OPERATOR | F27: H-AST-017 | G27: 45881.292
A28: H-REQ-026 | B28: H-EMP-006 | C28: Laptop allocation | D28: Completed | E28: H-OPERATOR | F28: H-AST-018 | G28: 45886.292
A29: H-REQ-027 | B29: H-EMP-007 | C29: Laptop allocation | D29: Rejected | G29: 45891.292
A30: H-REQ-028 | B30: H-EMP-008 | C30: Laptop allocation | D30: Cancelled | G30: 45896.292
A31: H-REQ-029 | B31: H-EMP-009 | C31: Laptop allocation | D31: In progress | E31: H-OPERATOR | G31: 46307.292
A32: H-REQ-030 | B32: H-EMP-010 | C32: Laptop allocation | D32: Pending approval | G32: 46306.292
A33: H-REQ-031 | B33: H-EMP-011 | C33: Laptop allocation | D33: Completed | E33: H-OPERATOR | F33: H-AST-019 | G33: 45911.292
A34: H-REQ-032 | B34: H-EMP-012 | C34: Laptop allocation | D34: Completed | E34: H-OPERATOR | F34: H-AST-020 | G34: 45916.292
A35: H-REQ-033 | B35: H-EMP-013 | C35: Laptop allocation | D35: Completed | E35: H-OPERATOR | F35: H-AST-021 | G35: 45921.292
A36: H-REQ-034 | B36: H-EMP-014 | C36: Laptop allocation | D36: Completed | E36: H-OPERATOR | F36: H-AST-022 | G36: 45926.292
A37: H-REQ-035 | B37: H-EMP-015 | C37: Laptop allocation | D37: Completed | E37: H-OPERATOR | F37: H-AST-023 | G37: 45931.292
A38: H-REQ-036 | B38: H-EMP-016 | C38: Laptop allocation | D38: Completed | E38: H-OPERATOR | F38: H-AST-024 | G38: 45936.292
A39: H-REQ-037 | B39: H-EMP-017 | C39: Laptop allocation | D39: Rejected | G39: 45941.292
A40: H-REQ-038 | B40: H-EMP-018 | C40: Laptop allocation | D40: Cancelled | G40: 45946.292
A41: H-REQ-039 | B41: H-EMP-019 | C41: Laptop allocation | D41: In progress | E41: H-OPERATOR | G41: 46304.292
A42: H-REQ-040 | B42: H-EMP-020 | C42: Laptop allocation | D42: Pending approval | G42: 46303.292
A43: H-REQ-041 | B43: H-EMP-001 | C43: Laptop allocation | D43: Completed | E43: H-OPERATOR | F43: H-AST-025 | G43: 45961.292
A44: H-REQ-042 | B44: H-EMP-002 | C44: Laptop allocation | D44: Completed | E44: H-OPERATOR | F44: H-AST-026 | G44: 45966.292
A45: H-REQ-043 | B45: H-EMP-003 | C45: Laptop allocation | D45: Completed | E45: H-OPERATOR | F45: H-AST-027 | G45: 45971.292
A46: H-REQ-044 | B46: H-EMP-004 | C46: Laptop allocation | D46: Completed | E46: H-OPERATOR | F46: H-AST-028 | G46: 45976.292
A47: H-REQ-045 | B47: H-EMP-005 | C47: Laptop allocation | D47: Completed | E47: H-OPERATOR | F47: H-AST-029 | G47: 45981.292
A48: H-REQ-046 | B48: H-EMP-006 | C48: Laptop allocation | D48: Completed | E48: H-OPERATOR | F48: H-AST-030 | G48: 45986.292
A49: H-REQ-047 | B49: H-EMP-007 | C49: Laptop allocation | D49: Rejected | G49: 45991.292
A50: H-REQ-048 | B50: H-EMP-008 | C50: Laptop allocation | D50: Cancelled | G50: 45996.292
A51: H-REQ-049 | B51: H-EMP-009 | C51: Laptop allocation | D51: In progress | E51: H-OPERATOR | G51: 46308.292
A52: H-REQ-050 | B52: H-EMP-010 | C52: Laptop allocation | D52: Pending approval | G52: 46307.292
A53: H-REQ-051 | B53: H-EMP-011 | C53: Laptop allocation | D53: Completed | E53: H-OPERATOR | F53: H-AST-031 | G53: 46011.292
A54: H-REQ-052 | B54: H-EMP-012 | C54: Laptop allocation | D54: Completed | E54: H-OPERATOR | F54: H-AST-032 | G54: 46016.292
A55: H-REQ-053 | B55: H-EMP-013 | C55: Laptop allocation | D55: Completed | E55: H-OPERATOR | F55: H-AST-033 | G55: 46021.292
A56: H-REQ-054 | B56: H-EMP-014 | C56: Laptop allocation | D56: Completed | E56: H-OPERATOR | F56: H-AST-034 | G56: 46026.292
A57: H-REQ-055 | B57: H-EMP-015 | C57: Laptop allocation | D57: Completed | E57: H-OPERATOR | F57: H-AST-035 | G57: 46031.292
A58: H-REQ-056 | B58: H-EMP-016 | C58: Laptop allocation | D58: Completed | E58: H-OPERATOR | F58: H-AST-036 | G58: 46036.292
A59: H-REQ-057 | B59: H-EMP-017 | C59: Laptop allocation | D59: Rejected | G59: 46041.292
A60: H-REQ-058 | B60: H-EMP-018 | C60: Laptop allocation | D60: Cancelled | G60: 46046.292
A61: H-REQ-059 | B61: H-EMP-019 | C61: Laptop allocation | D61: In progress | E61: H-OPERATOR | G61: 46305.292
A62: H-REQ-060 | B62: H-EMP-020 | C62: Laptop allocation | D62: Pending approval | G62: 46304.292
A63: H-REQ-061 | B63: H-EMP-001 | C63: Laptop allocation | D63: Completed | E63: H-OPERATOR | F63: H-AST-037 | G63: 46061.292
A64: H-REQ-062 | B64: H-EMP-002 | C64: Laptop allocation | D64: Completed | E64: H-OPERATOR | F64: H-AST-038 | G64: 46066.292
A65: H-REQ-063 | B65: H-EMP-003 | C65: Laptop allocation | D65: Completed | E65: H-OPERATOR | F65: H-AST-039 | G65: 46071.292
A66: H-REQ-064 | B66: H-EMP-004 | C66: Laptop allocation | D66: Completed | E66: H-OPERATOR | F66: H-AST-040 | G66: 46076.292
A67: H-REQ-065 | B67: H-EMP-005 | C67: Laptop allocation | D67: Completed | E67: H-OPERATOR | F67: H-AST-041 | G67: 46081.292
A68: H-REQ-066 | B68: H-EMP-006 | C68: Laptop allocation | D68: Completed | E68: H-OPERATOR | F68: H-AST-042 | G68: 46086.292
A69: H-REQ-067 | B69: H-EMP-007 | C69: Laptop allocation | D69: Rejected | G69: 46091.292
A70: H-REQ-068 | B70: H-EMP-008 | C70: Laptop allocation | D70: Cancelled | G70: 46096.292
A71: H-REQ-069 | B71: H-EMP-009 | C71: Laptop allocation | D71: In progress | E71: H-OPERATOR | G71: 46302.292
A72: H-REQ-070 | B72: H-EMP-010 | C72: Laptop allocation | D72: Pending approval | G72: 46308.292
A73: H-REQ-071 | B73: H-EMP-011 | C73: Laptop allocation | D73: Completed | E73: H-OPERATOR | F73: H-AST-043 | G73: 46111.292
A74: H-REQ-072 | B74: H-EMP-012 | C74: Laptop allocation | D74: Completed | E74: H-OPERATOR | F74: H-AST-044 | G74: 46116.292
A75: H-REQ-073 | B75: H-EMP-013 | C75: Laptop allocation | D75: Completed | E75: H-OPERATOR | F75: H-AST-045 | G75: 46121.292
A76: H-REQ-074 | B76: H-EMP-014 | C76: Laptop allocation | D76: Completed | E76: H-OPERATOR | F76: H-AST-046 | G76: 46126.292
A77: H-REQ-075 | B77: H-EMP-015 | C77: Laptop allocation | D77: Completed | E77: H-OPERATOR | F77: H-AST-047 | G77: 46131.292
A78: H-REQ-076 | B78: H-EMP-016 | C78: Laptop allocation | D78: Completed | E78: H-OPERATOR | F78: H-AST-048 | G78: 46136.292
A79: H-REQ-077 | B79: H-EMP-017 | C79: Laptop allocation | D79: Rejected | G79: 46141.292
A80: H-REQ-078 | B80: H-EMP-018 | C80: Laptop allocation | D80: Cancelled | G80: 46146.292
A81: H-REQ-079 | B81: H-EMP-019 | C81: Laptop allocation | D81: In progress | E81: H-OPERATOR | G81: 46306.292
A82: H-REQ-080 | B82: H-EMP-020 | C82: Laptop allocation | D82: Pending approval | G82: 46305.292
A83: H-REQ-081 | B83: H-EMP-001 | C83: Laptop allocation | D83: Completed | E83: H-OPERATOR | F83: H-AST-049 | G83: 46161.292
A84: H-REQ-082 | B84: H-EMP-002 | C84: Laptop allocation | D84: Completed | E84: H-OPERATOR | F84: H-AST-050 | G84: 46166.292
A85: H-REQ-083 | B85: H-EMP-003 | C85: Laptop allocation | D85: Completed | E85: H-OPERATOR | F85: H-AST-051 | G85: 46171.292
A86: H-REQ-084 | B86: H-EMP-004 | C86: Laptop allocation | D86: Completed | E86: H-OPERATOR | F86: H-AST-052 | G86: 46176.292
A87: H-REQ-085 | B87: H-EMP-005 | C87: Laptop allocation | D87: Completed | E87: H-OPERATOR | F87: H-AST-053 | G87: 46181.292
A88: H-REQ-086 | B88: H-EMP-006 | C88: Laptop allocation | D88: Completed | E88: H-OPERATOR | F88: H-AST-054 | G88: 46186.292
A89: H-REQ-087 | B89: H-EMP-007 | C89: Laptop allocation | D89: Rejected | G89: 46191.292
A90: H-REQ-088 | B90: H-EMP-008 | C90: Laptop allocation | D90: Cancelled | G90: 46196.292
A91: H-REQ-089 | B91: H-EMP-009 | C91: Laptop allocation | D91: In progress | E91: H-OPERATOR | G91: 46303.292
A92: H-REQ-090 | B92: H-EMP-010 | C92: Laptop allocation | D92: Pending approval | G92: 46302.292
A93: H-REQ-091 | B93: H-EMP-011 | C93: Laptop allocation | D93: Completed | E93: H-OPERATOR | F93: H-AST-055 | G93: 46211.292
A94: H-REQ-092 | B94: H-EMP-012 | C94: Laptop allocation | D94: Completed | E94: H-OPERATOR | F94: H-AST-056 | G94: 46216.292
A95: H-REQ-093 | B95: H-EMP-013 | C95: Laptop allocation | D95: Completed | E95: H-OPERATOR | F95: H-AST-057 | G95: 46221.292
A96: H-REQ-094 | B96: H-EMP-014 | C96: Laptop allocation | D96: Completed | E96: H-OPERATOR | F96: H-AST-058 | G96: 46226.292
A97: H-REQ-095 | B97: H-EMP-015 | C97: Laptop allocation | D97: Completed | E97: H-OPERATOR | F97: H-AST-059 | G97: 46231.292
A98: H-REQ-096 | B98: H-EMP-016 | C98: Laptop allocation | D98: Completed | E98: H-OPERATOR | F98: H-AST-060 | G98: 46236.292
A99: H-REQ-097 | B99: H-EMP-017 | C99: Laptop allocation | D99: Rejected | G99: 46241.292
A100: H-REQ-098 | B100: H-EMP-018 | C100: Laptop allocation | D100: Cancelled | G100: 46246.292
...

Sheet RequestHistory
A1: event_id | B1: request_id | C1: from_status | D1: to_status | E1: actor_id | F1: occurred_at | G1: note
A2: EVT-001 | B2: REQ-001 | D2: Pending approval | E2: EMP-001 | F2: 46309.417 | G2: Synthetic demo: employee submitted a request
A3: EVT-002 | B3: REQ-001 | C3: Pending approval | D3: Approved | E3: EMP-003 | F3: 46309.419 | G3: Manager approved laptop allocation
A4: 510d6c10-49c9-4e8a-a3a4-2680d9d8a3b9 | B4: REQ-001 | C4: Approved | D4: In progress | E4: EMP-002 | F4: 46309.422 | G4: Demo: Binh accepted the request
A5: 8c255699-dc38-4c03-8dfe-c963fd8a0150 | B5: REQ-001 | C5: In progress | D5: Completed | E5: EMP-002 | F5: 46309.422 | G5: Demo: handed over AST-001 to EMP-001
A6: H-REQ-001-E1 | B6: H-REQ-001 | D6: Pending approval | E6: H-EMP-001 | F6: 45761.292 | G6: SYNTHETIC: Request submitted
A7: H-REQ-001-E2 | B7: H-REQ-001 | C7: Pending approval | D7: Approved | E7: H-MANAGER | F7: 45761.542 | G7: SYNTHETIC: Request approved
A8: H-REQ-001-E3 | B8: H-REQ-001 | C8: Approved | D8: In progress | E8: H-OPERATOR | F8: 45761.792 | G8: SYNTHETIC: IT accepted request
A9: H-REQ-001-E4 | B9: H-REQ-001 | C9: In progress | D9: Completed | E9: H-OPERATOR | F9: 45763.292 | G9: SYNTHETIC: Handed over H-AST-001
A10: H-REQ-002-E1 | B10: H-REQ-002 | D10: Pending approval | E10: H-EMP-002 | F10: 45766.292 | G10: SYNTHETIC: Request submitted
A11: H-REQ-002-E2 | B11: H-REQ-002 | C11: Pending approval | D11: Approved | E11: H-MANAGER | F11: 45766.542 | G11: SYNTHETIC: Request approved
A12: H-REQ-002-E3 | B12: H-REQ-002 | C12: Approved | D12: In progress | E12: H-OPERATOR | F12: 45766.792 | G12: SYNTHETIC: IT accepted request
A13: H-REQ-002-E4 | B13: H-REQ-002 | C13: In progress | D13: Completed | E13: H-OPERATOR | F13: 45768.292 | G13: SYNTHETIC: Handed over H-AST-002
A14: H-REQ-003-E1 | B14: H-REQ-003 | D14: Pending approval | E14: H-EMP-003 | F14: 45771.292 | G14: SYNTHETIC: Request submitted
A15: H-REQ-003-E2 | B15: H-REQ-003 | C15: Pending approval | D15: Approved | E15: H-MANAGER | F15: 45771.542 | G15: SYNTHETIC: Request approved
A16: H-REQ-003-E3 | B16: H-REQ-003 | C16: Approved | D16: In progress | E16: H-OPERATOR | F16: 45771.792 | G16: SYNTHETIC: IT accepted request
A17: H-REQ-003-E4 | B17: H-REQ-003 | C17: In progress | D17: Completed | E17: H-OPERATOR | F17: 45773.292 | G17: SYNTHETIC: Handed over H-AST-003
A18: H-REQ-004-E1 | B18: H-REQ-004 | D18: Pending approval | E18: H-EMP-004 | F18: 45776.292 | G18: SYNTHETIC: Request submitted
A19: H-REQ-004-E2 | B19: H-REQ-004 | C19: Pending approval | D19: Approved | E19: H-MANAGER | F19: 45776.542 | G19: SYNTHETIC: Request approved
A20: H-REQ-004-E3 | B20: H-REQ-004 | C20: Approved | D20: In progress | E20: H-OPERATOR | F20: 45776.792 | G20: SYNTHETIC: IT accepted request
A21: H-REQ-004-E4 | B21: H-REQ-004 | C21: In progress | D21: Completed | E21: H-OPERATOR | F21: 45778.292 | G21: SYNTHETIC: Handed over H-AST-004
A22: H-REQ-005-E1 | B22: H-REQ-005 | D22: Pending approval | E22: H-EMP-005 | F22: 45781.292 | G22: SYNTHETIC: Request submitted
A23: H-REQ-005-E2 | B23: H-REQ-005 | C23: Pending approval | D23: Approved | E23: H-MANAGER | F23: 45781.542 | G23: SYNTHETIC: Request approved
A24: H-REQ-005-E3 | B24: H-REQ-005 | C24: Approved | D24: In progress | E24: H-OPERATOR | F24: 45781.792 | G24: SYNTHETIC: IT accepted request
A25: H-REQ-005-E4 | B25: H-REQ-005 | C25: In progress | D25: Completed | E25: H-OPERATOR | F25: 45783.292 | G25: SYNTHETIC: Handed over H-AST-005
A26: H-REQ-006-E1 | B26: H-REQ-006 | D26: Pending approval | E26: H-EMP-006 | F26: 45786.292 | G26: SYNTHETIC: Request submitted
A27: H-REQ-006-E2 | B27: H-REQ-006 | C27: Pending approval | D27: Approved | E27: H-MANAGER | F27: 45786.542 | G27: SYNTHETIC: Request approved
A28: H-REQ-006-E3 | B28: H-REQ-006 | C28: Approved | D28: In progress | E28: H-OPERATOR | F28: 45786.792 | G28: SYNTHETIC: IT accepted request
A29: H-REQ-006-E4 | B29: H-REQ-006 | C29: In progress | D29: Completed | E29: H-OPERATOR | F29: 45788.292 | G29: SYNTHETIC: Handed over H-AST-006
A30: H-REQ-007-E1 | B30: H-REQ-007 | D30: Pending approval | E30: H-EMP-007 | F30: 45791.292 | G30: SYNTHETIC: Request submitted
A31: H-REQ-007-E2 | B31: H-REQ-007 | C31: Pending approval | D31: Rejected | E31: H-MANAGER | F31: 45792.292 | G31: SYNTHETIC: Request rejected
A32: H-REQ-008-E1 | B32: H-REQ-008 | D32: Pending approval | E32: H-EMP-008 | F32: 45796.292 | G32: SYNTHETIC: Request submitted
A33: H-REQ-008-E2 | B33: H-REQ-008 | C33: Pending approval | D33: Cancelled | E33: H-EMP-008 | F33: 45797.292 | G33: SYNTHETIC: Requester cancelled
A34: H-REQ-009-E1 | B34: H-REQ-009 | D34: Pending approval | E34: H-EMP-009 | F34: 46306.292 | G34: SYNTHETIC: Request submitted
A35: H-REQ-009-E2 | B35: H-REQ-009 | C35: Pending approval | D35: Approved | E35: H-MANAGER | F35: 46306.542 | G35: SYNTHETIC: Request approved
A36: H-REQ-009-E3 | B36: H-REQ-009 | C36: Approved | D36: In progress | E36: H-OPERATOR | F36: 46306.792 | G36: SYNTHETIC: IT accepted request
A37: H-REQ-010-E1 | B37: H-REQ-010 | D37: Pending approval | E37: H-EMP-010 | F37: 46305.292 | G37: SYNTHETIC: Request submitted
A38: H-REQ-011-E1 | B38: H-REQ-011 | D38: Pending approval | E38: H-EMP-011 | F38: 45811.292 | G38: SYNTHETIC: Request submitted
A39: H-REQ-011-E2 | B39: H-REQ-011 | C39: Pending approval | D39: Approved | E39: H-MANAGER | F39: 45811.542 | G39: SYNTHETIC: Request approved
A40: H-REQ-011-E3 | B40: H-REQ-011 | C40: Approved | D40: In progress | E40: H-OPERATOR | F40: 45811.792 | G40: SYNTHETIC: IT accepted request
A41: H-REQ-011-E4 | B41: H-REQ-011 | C41: In progress | D41: Completed | E41: H-OPERATOR | F41: 45813.292 | G41: SYNTHETIC: Handed over H-AST-007
A42: H-REQ-012-E1 | B42: H-REQ-012 | D42: Pending approval | E42: H-EMP-012 | F42: 45816.292 | G42: SYNTHETIC: Request submitted
A43: H-REQ-012-E2 | B43: H-REQ-012 | C43: Pending approval | D43: Approved | E43: H-MANAGER | F43: 45816.542 | G43: SYNTHETIC: Request approved
A44: H-REQ-012-E3 | B44: H-REQ-012 | C44: Approved | D44: In progress | E44: H-OPERATOR | F44: 45816.792 | G44: SYNTHETIC: IT accepted request
A45: H-REQ-012-E4 | B45: H-REQ-012 | C45: In progress | D45: Completed | E45: H-OPERATOR | F45: 45818.292 | G45: SYNTHETIC: Handed over H-AST-008
A46: H-REQ-013-E1 | B46: H-REQ-013 | D46: Pending approval | E46: H-EMP-013 | F46: 45821.292 | G46: SYNTHETIC: Request submitted
A47: H-REQ-013-E2 | B47: H-REQ-013 | C47: Pending approval | D47: Approved | E47: H-MANAGER | F47: 45821.542 | G47: SYNTHETIC: Request approved
A48: H-REQ-013-E3 | B48: H-REQ-013 | C48: Approved | D48: In progress | E48: H-OPERATOR | F48: 45821.792 | G48: SYNTHETIC: IT accepted request
A49: H-REQ-013-E4 | B49: H-REQ-013 | C49: In progress | D49: Completed | E49: H-OPERATOR | F49: 45823.292 | G49: SYNTHETIC: Handed over H-AST-009
A50: H-REQ-014-E1 | B50: H-REQ-014 | D50: Pending approval | E50: H-EMP-014 | F50: 45826.292 | G50: SYNTHETIC: Request submitted
A51: H-REQ-014-E2 | B51: H-REQ-014 | C51: Pending approval | D51: Approved | E51: H-MANAGER | F51: 45826.542 | G51: SYNTHETIC: Request approved
A52: H-REQ-014-E3 | B52: H-REQ-014 | C52: Approved | D52: In progress | E52: H-OPERATOR | F52: 45826.792 | G52: SYNTHETIC: IT accepted request
A53: H-REQ-014-E4 | B53: H-REQ-014 | C53: In progress | D53: Completed | E53: H-OPERATOR | F53: 45828.292 | G53: SYNTHETIC: Handed over H-AST-010
A54: H-REQ-015-E1 | B54: H-REQ-015 | D54: Pending approval | E54: H-EMP-015 | F54: 45831.292 | G54: SYNTHETIC: Request submitted
A55: H-REQ-015-E2 | B55: H-REQ-015 | C55: Pending approval | D55: Approved | E55: H-MANAGER | F55: 45831.542 | G55: SYNTHETIC: Request approved
A56: H-REQ-015-E3 | B56: H-REQ-015 | C56: Approved | D56: In progress | E56: H-OPERATOR | F56: 45831.792 | G56: SYNTHETIC: IT accepted request
A57: H-REQ-015-E4 | B57: H-REQ-015 | C57: In progress | D57: Completed | E57: H-OPERATOR | F57: 45833.292 | G57: SYNTHETIC: Handed over H-AST-011
A58: H-REQ-016-E1 | B58: H-REQ-016 | D58: Pending approval | E58: H-EMP-016 | F58: 45836.292 | G58: SYNTHETIC: Request submitted
A59: H-REQ-016-E2 | B59: H-REQ-016 | C59: Pending approval | D59: Approved | E59: H-MANAGER | F59: 45836.542 | G59: SYNTHETIC: Request approved
A60: H-REQ-016-E3 | B60: H-REQ-016 | C60: Approved | D60: In progress | E60: H-OPERATOR | F60: 45836.792 | G60: SYNTHETIC: IT accepted request
A61: H-REQ-016-E4 | B61: H-REQ-016 | C61: In progress | D61: Completed | E61: H-OPERATOR | F61: 45838.292 | G61: SYNTHETIC: Handed over H-AST-012
A62: H-REQ-017-E1 | B62: H-REQ-017 | D62: Pending approval | E62: H-EMP-017 | F62: 45841.292 | G62: SYNTHETIC: Request submitted
A63: H-REQ-017-E2 | B63: H-REQ-017 | C63: Pending approval | D63: Rejected | E63: H-MANAGER | F63: 45842.292 | G63: SYNTHETIC: Request rejected
A64: H-REQ-018-E1 | B64: H-REQ-018 | D64: Pending approval | E64: H-EMP-018 | F64: 45846.292 | G64: SYNTHETIC: Request submitted
A65: H-REQ-018-E2 | B65: H-REQ-018 | C65: Pending approval | D65: Cancelled | E65: H-EMP-018 | F65: 45847.292 | G65: SYNTHETIC: Requester cancelled
A66: H-REQ-019-E1 | B66: H-REQ-019 | D66: Pending approval | E66: H-EMP-019 | F66: 46303.292 | G66: SYNTHETIC: Request submitted
A67: H-REQ-019-E2 | B67: H-REQ-019 | C67: Pending approval | D67: Approved | E67: H-MANAGER | F67: 46303.542 | G67: SYNTHETIC: Request approved
A68: H-REQ-019-E3 | B68: H-REQ-019 | C68: Approved | D68: In progress | E68: H-OPERATOR | F68: 46303.792 | G68: SYNTHETIC: IT accepted request
A69: H-REQ-020-E1 | B69: H-REQ-020 | D69: Pending approval | E69: H-EMP-020 | F69: 46302.292 | G69: SYNTHETIC: Request submitted
A70: H-REQ-021-E1 | B70: H-REQ-021 | D70: Pending approval | E70: H-EMP-001 | F70: 45861.292 | G70: SYNTHETIC: Request submitted
A71: H-REQ-021-E2 | B71: H-REQ-021 | C71: Pending approval | D71: Approved | E71: H-MANAGER | F71: 45861.542 | G71: SYNTHETIC: Request approved
A72: H-REQ-021-E3 | B72: H-REQ-021 | C72: Approved | D72: In progress | E72: H-OPERATOR | F72: 45861.792 | G72: SYNTHETIC: IT accepted request
A73: H-REQ-021-E4 | B73: H-REQ-021 | C73: In progress | D73: Completed | E73: H-OPERATOR | F73: 45863.292 | G73: SYNTHETIC: Handed over H-AST-013
A74: H-REQ-022-E1 | B74: H-REQ-022 | D74: Pending approval | E74: H-EMP-002 | F74: 45866.292 | G74: SYNTHETIC: Request submitted
A75: H-REQ-022-E2 | B75: H-REQ-022 | C75: Pending approval | D75: Approved | E75: H-MANAGER | F75: 45866.542 | G75: SYNTHETIC: Request approved
A76: H-REQ-022-E3 | B76: H-REQ-022 | C76: Approved | D76: In progress | E76: H-OPERATOR | F76: 45866.792 | G76: SYNTHETIC: IT accepted request
A77: H-REQ-022-E4 | B77: H-REQ-022 | C77: In progress | D77: Completed | E77: H-OPERATOR | F77: 45868.292 | G77: SYNTHETIC: Handed over H-AST-014
A78: H-REQ-023-E1 | B78: H-REQ-023 | D78: Pending approval | E78: H-EMP-003 | F78: 45871.292 | G78: SYNTHETIC: Request submitted
A79: H-REQ-023-E2 | B79: H-REQ-023 | C79: Pending approval | D79: Approved | E79: H-MANAGER | F79: 45871.542 | G79: SYNTHETIC: Request approved
A80: H-REQ-023-E3 | B80: H-REQ-023 | C80: Approved | D80: In progress | E80: H-OPERATOR | F80: 45871.792 | G80: SYNTHETIC: IT accepted request
A81: H-REQ-023-E4 | B81: H-REQ-023 | C81: In progress | D81: Completed | E81: H-OPERATOR | F81: 45873.292 | G81: SYNTHETIC: Handed over H-AST-015
A82: H-REQ-024-E1 | B82: H-REQ-024 | D82: Pending approval | E82: H-EMP-004 | F82: 45876.292 | G82: SYNTHETIC: Request submitted
A83: H-REQ-024-E2 | B83: H-REQ-024 | C83: Pending approval | D83: Approved | E83: H-MANAGER | F83: 45876.542 | G83: SYNTHETIC: Request approved
A84: H-REQ-024-E3 | B84: H-REQ-024 | C84: Approved | D84: In progress | E84: H-OPERATOR | F84: 45876.792 | G84: SYNTHETIC: IT accepted request
A85: H-REQ-024-E4 | B85: H-REQ-024 | C85: In progress | D85: Completed | E85: H-OPERATOR | F85: 45878.292 | G85: SYNTHETIC: Handed over H-AST-016
A86: H-REQ-025-E1 | B86: H-REQ-025 | D86: Pending approval | E86: H-EMP-005 | F86: 45881.292 | G86: SYNTHETIC: Request submitted
A87: H-REQ-025-E2 | B87: H-REQ-025 | C87: Pending approval | D87: Approved | E87: H-MANAGER | F87: 45881.542 | G87: SYNTHETIC: Request approved
A88: H-REQ-025-E3 | B88: H-REQ-025 | C88: Approved | D88: In progress | E88: H-OPERATOR | F88: 45881.792 | G88: SYNTHETIC: IT accepted request
A89: H-REQ-025-E4 | B89: H-REQ-025 | C89: In progress | D89: Completed | E89: H-OPERATOR | F89: 45883.292 | G89: SYNTHETIC: Handed over H-AST-017
A90: H-REQ-026-E1 | B90: H-REQ-026 | D90: Pending approval | E90: H-EMP-006 | F90: 45886.292 | G90: SYNTHETIC: Request submitted
A91: H-REQ-026-E2 | B91: H-REQ-026 | C91: Pending approval | D91: Approved | E91: H-MANAGER | F91: 45886.542 | G91: SYNTHETIC: Request approved
A92: H-REQ-026-E3 | B92: H-REQ-026 | C92: Approved | D92: In progress | E92: H-OPERATOR | F92: 45886.792 | G92: SYNTHETIC: IT accepted request
A93: H-REQ-026-E4 | B93: H-REQ-026 | C93: In progress | D93: Completed | E93: H-OPERATOR | F93: 45888.292 | G93: SYNTHETIC: Handed over H-AST-018
A94: H-REQ-027-E1 | B94: H-REQ-027 | D94: Pending approval | E94: H-EMP-007 | F94: 45891.292 | G94: SYNTHETIC: Request submitted
A95: H-REQ-027-E2 | B95: H-REQ-027 | C95: Pending approval | D95: Rejected | E95: H-MANAGER | F95: 45892.292 | G95: SYNTHETIC: Request rejected
A96: H-REQ-028-E1 | B96: H-REQ-028 | D96: Pending approval | E96: H-EMP-008 | F96: 45896.292 | G96: SYNTHETIC: Request submitted
A97: H-REQ-028-E2 | B97: H-REQ-028 | C97: Pending approval | D97: Cancelled | E97: H-EMP-008 | F97: 45897.292 | G97: SYNTHETIC: Requester cancelled
A98: H-REQ-029-E1 | B98: H-REQ-029 | D98: Pending approval | E98: H-EMP-009 | F98: 46307.292 | G98: SYNTHETIC: Request submitted
A99: H-REQ-029-E2 | B99: H-REQ-029 | C99: Pending approval | D99: Approved | E99: H-MANAGER | F99: 46307.542 | G99: SYNTHETIC: Request approved
A100: H-REQ-029-E3 | B100: H-REQ-029 | C100: Approved | D100: In progress | E100: H-OPERATOR | F100: 46307.792 | G100: SYNTHETIC: IT accepted request
...

Sheet Attachments
A1: attachment_id | B1: request_id | C1: drive_file_id | D1: name

Sheet Settings
A1: key | B1: value
A2: demo_data | B2: SYNTHETIC
A3: email_enabled | B3: FALSE
A4: schema_version | B4: 1
A5: business_timezone | B5: Asia/Ho_Chi_Minh
A6: timestamp_storage | B6: Local date-time in Asia/Ho_Chi_Minh
A7: history_repair_version | B7: 2
A8: laptop_policy | B8: At most one assigned laptop per employee
A9: script_timezone_status | B9: Not verified: set Apps Script project timezone before new runs

Sheet DataChecks
A1: Kiểm tra | B1: Số lỗi | C1: Kết quả | D1: Phạm vi
A2: Trùng mã nhân viên | B2: =IFERROR(__xludf.DUMMYFUNCTION("COUNTA(Employees!A2:A40)-IFERROR(COUNTUNIQUE(FILTER(Employees!A2:A40,Employees!A2:A40<>"""")),0)"),0.0) -> 0 | C2: =IF(B2=0,"PASS","CHECK") -> PASS | D2: Số ID lặp ngoài lần xuất hiện đầu
A3: Trùng mã thiết bị | B3: =IFERROR(__xludf.DUMMYFUNCTION("COUNTA(Equipment!A2:A40)-IFERROR(COUNTUNIQUE(FILTER(Equipment!A2:A40,Equipment!A2:A40<>"""")),0)"),0.0) -> 0 | C3: =IF(B3=0,"PASS","CHECK") -> PASS | D3: Số ID lặp
A4: Trùng mã yêu cầu | B4: =IFERROR(__xludf.DUMMYFUNCTION("COUNTA(Requests!A2:A40)-IFERROR(COUNTUNIQUE(FILTER(Requests!A2:A40,Requests!A2:A40<>"""")),0)"),0.0) -> 0 | C4: =IF(B4=0,"PASS","CHECK") -> PASS | D4: Số ID lặp
A5: Trùng mã sự kiện | B5: =IFERROR(__xludf.DUMMYFUNCTION("COUNTA(RequestHistory!A2:A40)-IFERROR(COUNTUNIQUE(FILTER(RequestHistory!A2:A40,RequestHistory!A2:A40<>"""")),0)"),0.0) -> 0 | C5: =IF(B5=0,"PASS","CHECK") -> PASS | D5: Số ID lặp
A6: Người yêu cầu không tồn tại | B6: {=SUM((Requests!A2:A40<>"")*(COUNTIF(Employees!A2:A40,Requests!B2:B40)=0))} -> 0 | C6: =IF(B6=0,"PASS","CHECK") -> PASS | D6: Kiểm tra liên kết nhân viên
A7: Người xử lý không tồn tại | B7: {=SUM((Requests!E2:E40<>"")*(COUNTIF(Employees!A2:A40,Requests!E2:E40)=0))} -> 0 | C7: =IF(B7=0,"PASS","CHECK") -> PASS | D7: Bỏ qua yêu cầu chưa phân công
A8: Lịch sử không có yêu cầu | B8: {=SUM((RequestHistory!A2:A40<>"")*(COUNTIF(Requests!A2:A40,RequestHistory!B2:B40)=0))} -> 0 | C8: =IF(B8=0,"PASS","CHECK") -> PASS | D8: Kiểm tra request_id
A9: Người thực hiện không tồn tại | B9: {=SUM((RequestHistory!A2:A40<>"")*(COUNTIF(Employees!A2:A40,RequestHistory!E2:E40)=0))} -> 0 | C9: =IF(B9=0,"PASS","CHECK") -> PASS | D9: Kiểm tra actor_id
A10: Hoàn thành thiếu thiết bị | B10: {=SUM((Requests!A2:A40<>"")*(Requests!D2:D40="Completed")*(COUNTIF(Equipment!A2:A40,Requests!F2:F40)=0))} -> 0 | C10: =IF(B10=0,"PASS","CHECK") -> PASS | D10: Áp dụng cấp phát và thu hồi laptop
A11: Người giữ thiết bị không hợp lệ | B11: {=SUM((Equipment!D2:D40="Assigned")*(COUNTIF(Employees!A2:A40,Equipment!E2:E40)=0))} -> 0 | C11: =IF(B11=0,"PASS","CHECK") -> PASS | D11: Assigned phải có nhân viên tồn tại
A12: Thiết bị khả dụng còn người giữ | B12: {=SUM((Equipment!D2:D40="Available")*(LEN(Equipment!E2:E40)>0))} -> 0 | C12: =IF(B12=0,"PASS","CHECK") -> PASS | D12: Available phải để trống holder_id
A13: Nhân viên giữ hơn một laptop | B13: =IFERROR(__xludf.DUMMYFUNCTION("SUM(MAP(FILTER(Employees!A2:A40,Employees!A2:A40<>""""),LAMBDA(emp,IF(COUNTIFS(Equipment!B2:B40,""Laptop"",Equipment!D2:D40,""Assigned"",Equipment!E2:E40,emp)>1,1,0))))"),0.0) -> 0 | C13: =IF(B13=0,"PASS","CHECK") -> PASS | D13: Số nhân viên vi phạm
A14: Trạng thái lệch sự kiện mới nhất | B14: 0 | C14: =IF(B14=0,"PASS","CHECK") -> PASS | D14: So sánh sự kiện có thời điểm lớn nhất
A15: Ngày tạo không phải kiểu ngày số | B15: =COUNTA(Requests!A2:A40)-COUNT(Requests!G2:G40) -> 0 | C15: =IF(B15=0,"PASS","CHECK") -> PASS | D15: Không phát hiện mọi lỗi múi giờ
A16: Ngày sự kiện không phải kiểu ngày số | B16: =COUNTA(RequestHistory!A2:A40)-COUNT(RequestHistory!F2:F40) -> 0 | C16: =IF(B16=0,"PASS","CHECK") -> PASS | D16: Ngày lưu dạng text sẽ bị báo

Sheet LatestEvents
A1: request_id | B1: occurred_at | C1: source_row | D1: status
A2: =IFERROR(__xludf.DUMMYFUNCTION("SORTN(SORT(FILTER({RequestHistory!B2:B9000,RequestHistory!F2:F9000,ROW(RequestHistory!A2:A9000),RequestHistory!D2:D9000},RequestHistory!B2:B9000<>""""),2,FALSE,3,FALSE),9^9,2,1,TRUE)"),"G-REQ-00001") -> G-REQ-00001 | B2: =IFERROR(__xludf.DUMMYFUNCTION("""COMPUTED_VALUE"""),45761.38541666666) -> 45761.385 | C2: =IFERROR(__xludf.DUMMYFUNCTION("""COMPUTED_VALUE"""),521.0) -> 521 | D2: =IFERROR(__xludf.DUMMYFUNCTION("""COMPUTED_VALUE"""),"Completed") -> Completed
A3: =IFERROR(__xludf.DUMMYFUNCTION("""COMPUTED_VALUE"""),"G-REQ-00002") -> G-REQ-00002 | B3: =IFERROR(__xludf.DUMMYFUNCTION("""COMPUTED_VALUE"""),45761.45659151208) -> 45761.457 | C3: =IFERROR(__xludf.DUMMYFUNCTION("""COMPUTED_VALUE"""),525.0) -> 525 | D3: =IFERROR(__xludf.DUMMYFUNCTION("""COMPUTED_VALUE"""),"Completed") -> Completed
A4: =IFERROR(__xludf.DUMMYFUNCTION("""COMPUTED_VALUE"""),"G-REQ-00003") -> G-REQ-00003 | B4: =IFERROR(__xludf.DUMMYFUNCTION("""COMPUTED_VALUE"""),45761.527766357496) -> 45761.528 | C4: =IFERROR(__xludf.DUMMYFUNCTION("""COMPUTED_VALUE"""),529.0) -> 529 | D4: =IFERROR(__xludf.DUMMYFUNCTION("""COMPUTED_VALUE"""),"Completed") -> Completed
A5: =IFERROR(__xludf.DUMMYFUNCTION("""COMPUTED_VALUE"""),"G-REQ-00004") -> G-REQ-00004 | B5: =IFERROR(__xludf.DUMMYFUNCTION("""COMPUTED_VALUE"""),45761.59199675846) -> 45761.592 | C5: =IFERROR(__xludf.DUMMYFUNCTION("""COMPUTED_VALUE"""),531.0) -> 531 | D5: =IFERROR(__xludf.DUMMYFUNCTION("""COMPUTED_VALUE"""),"Rejected") -> Rejected
A6: =IFERROR(__xludf.DUMMYFUNCTION("""COMPUTED_VALUE"""),"G-REQ-00005") -> G-REQ-00005 | B6: =IFERROR(__xludf.DUMMYFUNCTION("""COMPUTED_VALUE"""),45761.663171603876) -> 45761.663 | C6: =IFERROR(__xludf.DUMMYFUNCTION("""COMPUTED_VALUE"""),533.0) -> 533 | D6: =IFERROR(__xludf.DUMMYFUNCTION("""COMPUTED_VALUE"""),"Rejected") -> Rejected
A7: =IFERROR(__xludf.DUMMYFUNCTION("""COMPUTED_VALUE"""),"G-REQ-00006") -> G-REQ-00006 | B7: =IFERROR(__xludf.DUMMYFUNCTION("""COMPUTED_VALUE"""),45761.74129089374) -> 45761.741 | C7: =IFERROR(__xludf.DUMMYFUNCTION("""COMPUTED_VALUE"""),537.0) -> 537 | D7: =IFERROR(__xludf.DUMMYFUNCTION("""COMPUTED_VALUE"""),"Completed") -> Completed
A8: =IFERROR(__xludf.DUMMYFUNCTION("""COMPUTED_VALUE"""),"G-REQ-00007") -> G-REQ-00007 | B8: =IFERROR(__xludf.DUMMYFUNCTION("""COMPUTED_VALUE"""),45761.81246573915) -> 45761.812 | C8: =IFERROR(__xludf.DUMMYFUNCTION("""COMPUTED_VALUE"""),541.0) -> 541 | D8: =IFERROR(__xludf.DUMMYFUNCTION("""COMPUTED_VALUE"""),"Completed") -> Completed
A9: =IFERROR(__xludf.DUMMYFUNCTION("""COMPUTED_VALUE"""),"G-REQ-00008") -> G-REQ-00008 | B9: =IFERROR(__xludf.DUMMYFUNCTION("""COMPUTED_VALUE"""),45761.87669614012) -> 45761.877 | C9: =IFERROR(__xludf.DUMMYFUNCTION("""COMPUTED_VALUE"""),543.0) -> 543 | D9: =IFERROR(__xludf.DUMMYFUNCTION("""COMPUTED_VALUE"""),"Rejected") -> Rejected
A10: =IFERROR(__xludf.DUMMYFUNCTION("""COMPUTED_VALUE"""),"G-REQ-00009") -> G-REQ-00009 | B10: =IFERROR(__xludf.DUMMYFUNCTION("""COMPUTED_VALUE"""),45761.954815429985) -> 45761.955 | C10: =IFERROR(__xludf.DUMMYFUNCTION("""COMPUTED_VALUE"""),547.0) -> 547 | D10: =IFERROR(__xludf.DUMMYFUNCTION("""COMPUTED_VALUE"""),"Completed") -> Completed
A11: =IFERROR(__xludf.DUMMYFUNCTION("""COMPUTED_VALUE"""),"G-REQ-00010") -> G-REQ-00010 | B11: =IFERROR(__xludf.DUMMYFUNCTION("""COMPUTED_VALUE"""),45762.0259902754) -> 45762.026 | C11: =IFERROR(__xludf.DUMMYFUNCTION("""COMPUTED_VALUE"""),551.0) -> 551 | D11: =IFERROR(__xludf.DUMMYFUNCTION("""COMPUTED_VALUE"""),"Completed") -> Completed
A12: =IFERROR(__xludf.DUMMYFUNCTION("""COMPUTED_VALUE"""),"G-REQ-00011") -> G-REQ-00011 | B12: =IFERROR(__xludf.DUMMYFUNCTION("""COMPUTED_VALUE"""),45762.09716512081) -> 45762.097 | C12: =IFERROR(__xludf.DUMMYFUNCTION("""COMPUTED_VALUE"""),555.0) -> 555 | D12: =IFERROR(__xludf.DUMMYFUNCTION("""COMPUTED_VALUE"""),"Completed") -> Completed
A13: =IFERROR(__xludf.DUMMYFUNCTION("""COMPUTED_VALUE"""),"G-REQ-00012") -> G-REQ-00012 | B13: =IFERROR(__xludf.DUMMYFUNCTION("""COMPUTED_VALUE"""),45762.16833996623) -> 45762.168 | C13: =IFERROR(__xludf.DUMMYFUNCTION("""COMPUTED_VALUE"""),559.0) -> 559 | D13: =IFERROR(__xludf.DUMMYFUNCTION("""COMPUTED_VALUE"""),"Completed") -> Completed
A14: =IFERROR(__xludf.DUMMYFUNCTION("""COMPUTED_VALUE"""),"G-REQ-00013") -> G-REQ-00013 | B14: =IFERROR(__xludf.DUMMYFUNCTION("""COMPUTED_VALUE"""),45762.23951481164) -> 45762.24 | C14: =IFERROR(__xludf.DUMMYFUNCTION("""COMPUTED_VALUE"""),563.0) -> 563 | D14: =IFERROR(__xludf.DUMMYFUNCTION("""COMPUTED_VALUE"""),"Completed") -> Completed
A15: =IFERROR(__xludf.DUMMYFUNCTION("""COMPUTED_VALUE"""),"G-REQ-00014") -> G-REQ-00014 | B15: =IFERROR(__xludf.DUMMYFUNCTION("""COMPUTED_VALUE"""),45762.31068965705) -> 45762.311 | C15: =IFERROR(__xludf.DUMMYFUNCTION("""COMPUTED_VALUE"""),567.0) -> 567 | D15: =IFERROR(__xludf.DUMMYFUNCTION("""COMPUTED_VALUE"""),"Completed") -> Completed
A16: =IFERROR(__xludf.DUMMYFUNCTION("""COMPUTED_VALUE"""),"G-REQ-00015") -> G-REQ-00015 | B16: =IFERROR(__xludf.DUMMYFUNCTION("""COMPUTED_VALUE"""),45762.38186450247) -> 45762.382 | C16: =IFERROR(__xludf.DUMMYFUNCTION("""COMPUTED_VALUE"""),571.0) -> 571 | D16: =IFERROR(__xludf.DUMMYFUNCTION("""COMPUTED_VALUE"""),"Completed") -> Completed
A17: =IFERROR(__xludf.DUMMYFUNCTION("""COMPUTED_VALUE"""),"G-REQ-00016") -> G-REQ-00016 | B17: =IFERROR(__xludf.DUMMYFUNCTION("""COMPUTED_VALUE"""),45762.44609490345) -> 45762.446 | C17: =IFERROR(__xludf.DUMMYFUNCTION("""COMPUTED_VALUE"""),573.0) -> 573 | D17: =IFERROR(__xludf.DUMMYFUNCTION("""COMPUTED_VALUE"""),"Rejected") -> Rejected
A18: =IFERROR(__xludf.DUMMYFUNCTION("""COMPUTED_VALUE"""),"G-REQ-00017") -> G-REQ-00017 | B18: =IFERROR(__xludf.DUMMYFUNCTION("""COMPUTED_VALUE"""),45762.5242141933) -> 45762.524 | C18: =IFERROR(__xludf.DUMMYFUNCTION("""COMPUTED_VALUE"""),577.0) -> 577 | D18: =IFERROR(__xludf.DUMMYFUNCTION("""COMPUTED_VALUE"""),"Completed") -> Completed
A19: =IFERROR(__xludf.DUMMYFUNCTION("""COMPUTED_VALUE"""),"G-REQ-00018") -> G-REQ-00018 | B19: =IFERROR(__xludf.DUMMYFUNCTION("""COMPUTED_VALUE"""),45762.59538903872) -> 45762.595 | C19: =IFERROR(__xludf.DUMMYFUNCTION("""COMPUTED_VALUE"""),581.0) -> 581 | D19: =IFERROR(__xludf.DUMMYFUNCTION("""COMPUTED_VALUE"""),"Completed") -> Completed
A20: =IFERROR(__xludf.DUMMYFUNCTION("""COMPUTED_VALUE"""),"G-REQ-00019") -> G-REQ-00019 | B20: =IFERROR(__xludf.DUMMYFUNCTION("""COMPUTED_VALUE"""),45762.66656388414) -> 45762.667 | C20: =IFERROR(__xludf.DUMMYFUNCTION("""COMPUTED_VALUE"""),585.0) -> 585 | D20: =IFERROR(__xludf.DUMMYFUNCTION("""COMPUTED_VALUE"""),"Completed") -> Completed
A21: =IFERROR(__xludf.DUMMYFUNCTION("""COMPUTED_VALUE"""),"G-REQ-00020") -> G-REQ-00020 | B21: =IFERROR(__xludf.DUMMYFUNCTION("""COMPUTED_VALUE"""),45762.73773872955) -> 45762.738 | C21: =IFERROR(__xludf.DUMMYFUNCTION("""COMPUTED_VALUE"""),589.0) -> 589 | D21: =IFERROR(__xludf.DUMMYFUNCTION("""COMPUTED_VALUE"""),"Completed") -> Completed
A22: =IFERROR(__xludf.DUMMYFUNCTION("""COMPUTED_VALUE"""),"G-REQ-00021") -> G-REQ-00021 | B22: =IFERROR(__xludf.DUMMYFUNCTION("""COMPUTED_VALUE"""),45762.801969130516) -> 45762.802 | C22: =IFERROR(__xludf.DUMMYFUNCTION("""COMPUTED_VALUE"""),591.0) -> 591 | D22: =IFERROR(__xludf.DUMMYFUNCTION("""COMPUTED_VALUE"""),"Rejected") -> Rejected
A23: =IFERROR(__xludf.DUMMYFUNCTION("""COMPUTED_VALUE"""),"G-REQ-00022") -> G-REQ-00022 | B23: =IFERROR(__xludf.DUMMYFUNCTION("""COMPUTED_VALUE"""),45762.88008842038) -> 45762.88 | C23: =IFERROR(__xludf.DUMMYFUNCTION("""COMPUTED_VALUE"""),595.0) -> 595 | D23: =IFERROR(__xludf.DUMMYFUNCTION("""COMPUTED_VALUE"""),"Completed") -> Completed
A24: =IFERROR(__xludf.DUMMYFUNCTION("""COMPUTED_VALUE"""),"G-REQ-00023") -> G-REQ-00023 | B24: =IFERROR(__xludf.DUMMYFUNCTION("""COMPUTED_VALUE"""),45762.95126326579) -> 45762.951 | C24: =IFERROR(__xludf.DUMMYFUNCTION("""COMPUTED_VALUE"""),599.0) -> 599 | D24: =IFERROR(__xludf.DUMMYFUNCTION("""COMPUTED_VALUE"""),"Completed") -> Completed
A25: =IFERROR(__xludf.DUMMYFUNCTION("""COMPUTED_VALUE"""),"G-REQ-00024") -> G-REQ-00024 | B25: =IFERROR(__xludf.DUMMYFUNCTION("""COMPUTED_VALUE"""),45763.022438111206) -> 45763.022 | C25: =IFERROR(__xludf.DUMMYFUNCTION("""COMPUTED_VALUE"""),603.0) -> 603 | D25: =IFERROR(__xludf.DUMMYFUNCTION("""COMPUTED_VALUE"""),"Completed") -> Completed
A26: =IFERROR(__xludf.DUMMYFUNCTION("""COMPUTED_VALUE"""),"G-REQ-00025") -> G-REQ-00025 | B26: =IFERROR(__xludf.DUMMYFUNCTION("""COMPUTED_VALUE"""),45763.093612956625) -> 45763.094 | C26: =IFERROR(__xludf.DUMMYFUNCTION("""COMPUTED_VALUE"""),607.0) -> 607 | D26: =IFERROR(__xludf.DUMMYFUNCTION("""COMPUTED_VALUE"""),"Completed") -> Completed
A27: =IFERROR(__xludf.DUMMYFUNCTION("""COMPUTED_VALUE"""),"G-REQ-00026") -> G-REQ-00026 | B27: =IFERROR(__xludf.DUMMYFUNCTION("""COMPUTED_VALUE"""),45763.164787802045) -> 45763.165 | C27: =IFERROR(__xludf.DUMMYFUNCTION("""COMPUTED_VALUE"""),611.0) -> 611 | D27: =IFERROR(__xludf.DUMMYFUNCTION("""COMPUTED_VALUE"""),"Completed") -> Completed
A28: =IFERROR(__xludf.DUMMYFUNCTION("""COMPUTED_VALUE"""),"G-REQ-00027") -> G-REQ-00027 | B28: =IFERROR(__xludf.DUMMYFUNCTION("""COMPUTED_VALUE"""),45763.229018203005) -> 45763.229 | C28: =IFERROR(__xludf.DUMMYFUNCTION("""COMPUTED_VALUE"""),613.0) -> 613 | D28: =IFERROR(__xludf.DUMMYFUNCTION("""COMPUTED_VALUE"""),"Rejected") -> Rejected
A29: =IFERROR(__xludf.DUMMYFUNCTION("""COMPUTED_VALUE"""),"G-REQ-00028") -> G-REQ-00028 | B29: =IFERROR(__xludf.DUMMYFUNCTION("""COMPUTED_VALUE"""),45763.30713749287) -> 45763.307 | C29: =IFERROR(__xludf.DUMMYFUNCTION("""COMPUTED_VALUE"""),617.0) -> 617 | D29: =IFERROR(__xludf.DUMMYFUNCTION("""COMPUTED_VALUE"""),"Completed") -> Completed
A30: =IFERROR(__xludf.DUMMYFUNCTION("""COMPUTED_VALUE"""),"G-REQ-00029") -> G-REQ-00029 | B30: =IFERROR(__xludf.DUMMYFUNCTION("""COMPUTED_VALUE"""),45763.37831233828) -> 45763.378 | C30: =IFERROR(__xludf.DUMMYFUNCTION("""COMPUTED_VALUE"""),621.0) -> 621 | D30: =IFERROR(__xludf.DUMMYFUNCTION("""COMPUTED_VALUE"""),"Completed") -> Completed
A31: =IFERROR(__xludf.DUMMYFUNCTION("""COMPUTED_VALUE"""),"G-REQ-00030") -> G-REQ-00030 | B31: =IFERROR(__xludf.DUMMYFUNCTION("""COMPUTED_VALUE"""),45763.4494871837) -> 45763.449 | C31: =IFERROR(__xludf.DUMMYFUNCTION("""COMPUTED_VALUE"""),625.0) -> 625 | D31: =IFERROR(__xludf.DUMMYFUNCTION("""COMPUTED_VALUE"""),"Completed") -> Completed
A32: =IFERROR(__xludf.DUMMYFUNCTION("""COMPUTED_VALUE"""),"G-REQ-00031") -> G-REQ-00031 | B32: =IFERROR(__xludf.DUMMYFUNCTION("""COMPUTED_VALUE"""),45763.520662029114) -> 45763.521 | C32: =IFERROR(__xludf.DUMMYFUNCTION("""COMPUTED_VALUE"""),629.0) -> 629 | D32: =IFERROR(__xludf.DUMMYFUNCTION("""COMPUTED_VALUE"""),"Completed") -> Completed
A33: =IFERROR(__xludf.DUMMYFUNCTION("""COMPUTED_VALUE"""),"G-REQ-00032") -> G-REQ-00032 | B33: =IFERROR(__xludf.DUMMYFUNCTION("""COMPUTED_VALUE"""),45763.58489243009) -> 45763.585 | C33: =IFERROR(__xludf.DUMMYFUNCTION("""COMPUTED_VALUE"""),631.0) -> 631 | D33: =IFERROR(__xludf.DUMMYFUNCTION("""COMPUTED_VALUE"""),"Cancelled") -> Cancelled
A34: =IFERROR(__xludf.DUMMYFUNCTION("""COMPUTED_VALUE"""),"G-REQ-00033") -> G-REQ-00033 | B34: =IFERROR(__xludf.DUMMYFUNCTION("""COMPUTED_VALUE"""),45763.66301171994) -> 45763.663 | C34: =IFERROR(__xludf.DUMMYFUNCTION("""COMPUTED_VALUE"""),635.0) -> 635 | D34: =IFERROR(__xludf.DUMMYFUNCTION("""COMPUTED_VALUE"""),"Completed") -> Completed
A35: =IFERROR(__xludf.DUMMYFUNCTION("""COMPUTED_VALUE"""),"G-REQ-00034") -> G-REQ-00034 | B35: =IFERROR(__xludf.DUMMYFUNCTION("""COMPUTED_VALUE"""),45763.72724212091) -> 45763.727 | C35: =IFERROR(__xludf.DUMMYFUNCTION("""COMPUTED_VALUE"""),637.0) -> 637 | D35: =IFERROR(__xludf.DUMMYFUNCTION("""COMPUTED_VALUE"""),"Cancelled") -> Cancelled
A36: =IFERROR(__xludf.DUMMYFUNCTION("""COMPUTED_VALUE"""),"G-REQ-00035") -> G-REQ-00035 | B36: =IFERROR(__xludf.DUMMYFUNCTION("""COMPUTED_VALUE"""),45763.80536141078) -> 45763.805 | C36: =IFERROR(__xludf.DUMMYFUNCTION("""COMPUTED_VALUE"""),641.0) -> 641 | D36: =IFERROR(__xludf.DUMMYFUNCTION("""COMPUTED_VALUE"""),"Completed") -> Completed
A37: =IFERROR(__xludf.DUMMYFUNCTION("""COMPUTED_VALUE"""),"G-REQ-00036") -> G-REQ-00036 | B37: =IFERROR(__xludf.DUMMYFUNCTION("""COMPUTED_VALUE"""),45763.87653625619) -> 45763.877 | C37: =IFERROR(__xludf.DUMMYFUNCTION("""COMPUTED_VALUE"""),645.0) -> 645 | D37: =IFERROR(__xludf.DUMMYFUNCTION("""COMPUTED_VALUE"""),"Completed") -> Completed
A38: =IFERROR(__xludf.DUMMYFUNCTION("""COMPUTED_VALUE"""),"G-REQ-00037") -> G-REQ-00037 | B38: =IFERROR(__xludf.DUMMYFUNCTION("""COMPUTED_VALUE"""),45763.94076665716) -> 45763.941 | C38: =IFERROR(__xludf.DUMMYFUNCTION("""COMPUTED_VALUE"""),647.0) -> 647 | D38: =IFERROR(__xludf.DUMMYFUNCTION("""COMPUTED_VALUE"""),"Cancelled") -> Cancelled
A39: =IFERROR(__xludf.DUMMYFUNCTION("""COMPUTED_VALUE"""),"G-REQ-00038") -> G-REQ-00038 | B39: =IFERROR(__xludf.DUMMYFUNCTION("""COMPUTED_VALUE"""),45764.01888594702) -> 45764.019 | C39: =IFERROR(__xludf.DUMMYFUNCTION("""COMPUTED_VALUE"""),651.0) -> 651 | D39: =IFERROR(__xludf.DUMMYFUNCTION("""COMPUTED_VALUE"""),"Completed") -> Completed
A40: =IFERROR(__xludf.DUMMYFUNCTION("""COMPUTED_VALUE"""),"G-REQ-00039") -> G-REQ-00039 | B40: =IFERROR(__xludf.DUMMYFUNCTION("""COMPUTED_VALUE"""),45764.090060792434) -> 45764.09 | C40: =IFERROR(__xludf.DUMMYFUNCTION("""COMPUTED_VALUE"""),655.0) -> 655 | D40: =IFERROR(__xludf.DUMMYFUNCTION("""COMPUTED_VALUE"""),"Completed") -> Completed
A41: =IFERROR(__xludf.DUMMYFUNCTION("""COMPUTED_VALUE"""),"G-REQ-00040") -> G-REQ-00040 | B41: =IFERROR(__xludf.DUMMYFUNCTION("""COMPUTED_VALUE"""),45764.1542911934) -> 45764.154 | C41: =IFERROR(__xludf.DUMMYFUNCTION("""COMPUTED_VALUE"""),657.0) -> 657 | D41: =IFERROR(__xludf.DUMMYFUNCTION("""COMPUTED_VALUE"""),"Rejected") -> Rejected
A42: =IFERROR(__xludf.DUMMYFUNCTION("""COMPUTED_VALUE"""),"G-REQ-00041") -> G-REQ-00041 | B42: =IFERROR(__xludf.DUMMYFUNCTION("""COMPUTED_VALUE"""),45764.232410483266) -> 45764.232 | C42: =IFERROR(__xludf.DUMMYFUNCTION("""COMPUTED_VALUE"""),661.0) -> 661 | D42: =IFERROR(__xludf.DUMMYFUNCTION("""COMPUTED_VALUE"""),"Completed") -> Completed
A43: =IFERROR(__xludf.DUMMYFUNCTION("""COMPUTED_VALUE"""),"G-REQ-00042") -> G-REQ-00042 | B43: =IFERROR(__xludf.DUMMYFUNCTION("""COMPUTED_VALUE"""),45764.303585328686) -> 45764.304 | C43: =IFERROR(__xludf.DUMMYFUNCTION("""COMPUTED_VALUE"""),665.0) -> 665 | D43: =IFERROR(__xludf.DUMMYFUNCTION("""COMPUTED_VALUE"""),"Completed") -> Completed
A44: =IFERROR(__xludf.DUMMYFUNCTION("""COMPUTED_VALUE"""),"G-REQ-00043") -> G-REQ-00043 | B44: =IFERROR(__xludf.DUMMYFUNCTION("""COMPUTED_VALUE"""),45764.37476017409) -> 45764.375 | C44: =IFERROR(__xludf.DUMMYFUNCTION("""COMPUTED_VALUE"""),669.0) -> 669 | D44: =IFERROR(__xludf.DUMMYFUNCTION("""COMPUTED_VALUE"""),"Completed") -> Completed
A45: =IFERROR(__xludf.DUMMYFUNCTION("""COMPUTED_VALUE"""),"G-REQ-00044") -> G-REQ-00044 | B45: =IFERROR(__xludf.DUMMYFUNCTION("""COMPUTED_VALUE"""),45764.44593501951) -> 45764.446 | C45: =IFERROR(__xludf.DUMMYFUNCTION("""COMPUTED_VALUE"""),673.0) -> 673 | D45: =IFERROR(__xludf.DUMMYFUNCTION("""COMPUTED_VALUE"""),"Completed") -> Completed
A46: =IFERROR(__xludf.DUMMYFUNCTION("""COMPUTED_VALUE"""),"G-REQ-00045") -> G-REQ-00045 | B46: =IFERROR(__xludf.DUMMYFUNCTION("""COMPUTED_VALUE"""),45764.51710986493) -> 45764.517 | C46: =IFERROR(__xludf.DUMMYFUNCTION("""COMPUTED_VALUE"""),677.0) -> 677 | D46: =IFERROR(__xludf.DUMMYFUNCTION("""COMPUTED_VALUE"""),"Completed") -> Completed
A47: =IFERROR(__xludf.DUMMYFUNCTION("""COMPUTED_VALUE"""),"G-REQ-00046") -> G-REQ-00046 | B47: =IFERROR(__xludf.DUMMYFUNCTION("""COMPUTED_VALUE"""),45764.58828471034) -> 45764.588 | C47: =IFERROR(__xludf.DUMMYFUNCTION("""COMPUTED_VALUE"""),681.0) -> 681 | D47: =IFERROR(__xludf.DUMMYFUNCTION("""COMPUTED_VALUE"""),"Completed") -> Completed
A48: =IFERROR(__xludf.DUMMYFUNCTION("""COMPUTED_VALUE"""),"G-REQ-00047") -> G-REQ-00047 | B48: =IFERROR(__xludf.DUMMYFUNCTION("""COMPUTED_VALUE"""),45764.659459555754) -> 45764.659 | C48: =IFERROR(__xludf.DUMMYFUNCTION("""COMPUTED_VALUE"""),685.0) -> 685 | D48: =IFERROR(__xludf.DUMMYFUNCTION("""COMPUTED_VALUE"""),"Completed") -> Completed
A49: =IFERROR(__xludf.DUMMYFUNCTION("""COMPUTED_VALUE"""),"G-REQ-00048") -> G-REQ-00048 | B49: =IFERROR(__xludf.DUMMYFUNCTION("""COMPUTED_VALUE"""),45764.730634401174) -> 45764.731 | C49: =IFERROR(__xludf.DUMMYFUNCTION("""COMPUTED_VALUE"""),689.0) -> 689 | D49: =IFERROR(__xludf.DUMMYFUNCTION("""COMPUTED_VALUE"""),"Completed") -> Completed
A50: =IFERROR(__xludf.DUMMYFUNCTION("""COMPUTED_VALUE"""),"G-REQ-00049") -> G-REQ-00049 | B50: =IFERROR(__xludf.DUMMYFUNCTION("""COMPUTED_VALUE"""),45764.801809246586) -> 45764.802 | C50: =IFERROR(__xludf.DUMMYFUNCTION("""COMPUTED_VALUE"""),693.0) -> 693 | D50: =IFERROR(__xludf.DUMMYFUNCTION("""COMPUTED_VALUE"""),"Completed") -> Completed
A51: =IFERROR(__xludf.DUMMYFUNCTION("""COMPUTED_VALUE"""),"G-REQ-00050") -> G-REQ-00050 | B51: =IFERROR(__xludf.DUMMYFUNCTION("""COMPUTED_VALUE"""),45764.86603964755) -> 45764.866 | C51: =IFERROR(__xludf.DUMMYFUNCTION("""COMPUTED_VALUE"""),695.0) -> 695 | D51: =IFERROR(__xludf.DUMMYFUNCTION("""COMPUTED_VALUE"""),"Rejected") -> Rejected
A52: =IFERROR(__xludf.DUMMYFUNCTION("""COMPUTED_VALUE"""),"G-REQ-00051") -> G-REQ-00051 | B52: =IFERROR(__xludf.DUMMYFUNCTION("""COMPUTED_VALUE"""),45764.94415893742) -> 45764.944 | C52: =IFERROR(__xludf.DUMMYFUNCTION("""COMPUTED_VALUE"""),699.0) -> 699 | D52: =IFERROR(__xludf.DUMMYFUNCTION("""COMPUTED_VALUE"""),"Completed") -> Completed
A53: =IFERROR(__xludf.DUMMYFUNCTION("""COMPUTED_VALUE"""),"G-REQ-00052") -> G-REQ-00052 | B53: =IFERROR(__xludf.DUMMYFUNCTION("""COMPUTED_VALUE"""),45765.01533378283) -> 45765.015 | C53: =IFERROR(__xludf.DUMMYFUNCTION("""COMPUTED_VALUE"""),703.0) -> 703 | D53: =IFERROR(__xludf.DUMMYFUNCTION("""COMPUTED_VALUE"""),"Completed") -> Completed
A54: =IFERROR(__xludf.DUMMYFUNCTION("""COMPUTED_VALUE"""),"G-REQ-00053") -> G-REQ-00053 | B54: =IFERROR(__xludf.DUMMYFUNCTION("""COMPUTED_VALUE"""),45765.08650862824) -> 45765.087 | C54: =IFERROR(__xludf.DUMMYFUNCTION("""COMPUTED_VALUE"""),707.0) -> 707 | D54: =IFERROR(__xludf.DUMMYFUNCTION("""COMPUTED_VALUE"""),"Completed") -> Completed
A55: =IFERROR(__xludf.DUMMYFUNCTION("""COMPUTED_VALUE"""),"G-REQ-00054") -> G-REQ-00054 | B55: =IFERROR(__xludf.DUMMYFUNCTION("""COMPUTED_VALUE"""),45765.15768347366) -> 45765.158 | C55: =IFERROR(__xludf.DUMMYFUNCTION("""COMPUTED_VALUE"""),711.0) -> 711 | D55: =IFERROR(__xludf.DUMMYFUNCTION("""COMPUTED_VALUE"""),"Completed") -> Completed
A56: =IFERROR(__xludf.DUMMYFUNCTION("""COMPUTED_VALUE"""),"G-REQ-00055") -> G-REQ-00055 | B56: =IFERROR(__xludf.DUMMYFUNCTION("""COMPUTED_VALUE"""),45765.228858319075) -> 45765.229 | C56: =IFERROR(__xludf.DUMMYFUNCTION("""COMPUTED_VALUE"""),715.0) -> 715 | D56: =IFERROR(__xludf.DUMMYFUNCTION("""COMPUTED_VALUE"""),"Completed") -> Completed
A57: =IFERROR(__xludf.DUMMYFUNCTION("""COMPUTED_VALUE"""),"G-REQ-00056") -> G-REQ-00056 | B57: =IFERROR(__xludf.DUMMYFUNCTION("""COMPUTED_VALUE"""),45765.30003316449) -> 45765.3 | C57: =IFERROR(__xludf.DUMMYFUNCTION("""COMPUTED_VALUE"""),719.0) -> 719 | D57: =IFERROR(__xludf.DUMMYFUNCTION("""COMPUTED_VALUE"""),"Completed") -> Completed
A58: =IFERROR(__xludf.DUMMYFUNCTION("""COMPUTED_VALUE"""),"G-REQ-00057") -> G-REQ-00057 | B58: =IFERROR(__xludf.DUMMYFUNCTION("""COMPUTED_VALUE"""),45765.37120800991) -> 45765.371 | C58: =IFERROR(__xludf.DUMMYFUNCTION("""COMPUTED_VALUE"""),723.0) -> 723 | D58: =IFERROR(__xludf.DUMMYFUNCTION("""COMPUTED_VALUE"""),"Completed") -> Completed
A59: =IFERROR(__xludf.DUMMYFUNCTION("""COMPUTED_VALUE"""),"G-REQ-00058") -> G-REQ-00058 | B59: =IFERROR(__xludf.DUMMYFUNCTION("""COMPUTED_VALUE"""),45765.442382855326) -> 45765.442 | C59: =IFERROR(__xludf.DUMMYFUNCTION("""COMPUTED_VALUE"""),727.0) -> 727 | D59: =IFERROR(__xludf.DUMMYFUNCTION("""COMPUTED_VALUE"""),"Completed") -> Completed
A60: =IFERROR(__xludf.DUMMYFUNCTION("""COMPUTED_VALUE"""),"G-REQ-00059") -> G-REQ-00059 | B60: =IFERROR(__xludf.DUMMYFUNCTION("""COMPUTED_VALUE"""),45765.506613256286) -> 45765.507 | C60: =IFERROR(__xludf.DUMMYFUNCTION("""COMPUTED_VALUE"""),729.0) -> 729 | D60: =IFERROR(__xludf.DUMMYFUNCTION("""COMPUTED_VALUE"""),"Rejected") -> Rejected
A61: =IFERROR(__xludf.DUMMYFUNCTION("""COMPUTED_VALUE"""),"G-REQ-00060") -> G-REQ-00060 | B61: =IFERROR(__xludf.DUMMYFUNCTION("""COMPUTED_VALUE"""),45765.577788101706) -> 45765.578 | C61: =IFERROR(__xludf.DUMMYFUNCTION("""COMPUTED_VALUE"""),731.0) -> 731 | D61: =IFERROR(__xludf.DUMMYFUNCTION("""COMPUTED_VALUE"""),"Rejected") -> Rejected
A62: =IFERROR(__xludf.DUMMYFUNCTION("""COMPUTED_VALUE"""),"G-REQ-00061") -> G-REQ-00061 | B62: =IFERROR(__xludf.DUMMYFUNCTION("""COMPUTED_VALUE"""),45765.65590739157) -> 45765.656 | C62: =IFERROR(__xludf.DUMMYFUNCTION("""COMPUTED_VALUE"""),735.0) -> 735 | D62: =IFERROR(__xludf.DUMMYFUNCTION("""COMPUTED_VALUE"""),"Completed") -> Completed
A63: =IFERROR(__xludf.DUMMYFUNCTION("""COMPUTED_VALUE"""),"G-REQ-00062") -> G-REQ-00062 | B63: =IFERROR(__xludf.DUMMYFUNCTION("""COMPUTED_VALUE"""),45765.72708223698) -> 45765.727 | C63: =IFERROR(__xludf.DUMMYFUNCTION("""COMPUTED_VALUE"""),739.0) -> 739 | D63: =IFERROR(__xludf.DUMMYFUNCTION("""COMPUTED_VALUE"""),"Completed") -> Completed
A64: =IFERROR(__xludf.DUMMYFUNCTION("""COMPUTED_VALUE"""),"G-REQ-00063") -> G-REQ-00063 | B64: =IFERROR(__xludf.DUMMYFUNCTION("""COMPUTED_VALUE"""),45765.798257082395) -> 45765.798 | C64: =IFERROR(__xludf.DUMMYFUNCTION("""COMPUTED_VALUE"""),743.0) -> 743 | D64: =IFERROR(__xludf.DUMMYFUNCTION("""COMPUTED_VALUE"""),"Completed") -> Completed
A65: =IFERROR(__xludf.DUMMYFUNCTION("""COMPUTED_VALUE"""),"G-REQ-00064") -> G-REQ-00064 | B65: =IFERROR(__xludf.DUMMYFUNCTION("""COMPUTED_VALUE"""),45765.869431927815) -> 45765.869 | C65: =IFERROR(__xludf.DUMMYFUNCTION("""COMPUTED_VALUE"""),747.0) -> 747 | D65: =IFERROR(__xludf.DUMMYFUNCTION("""COMPUTED_VALUE"""),"Completed") -> Completed
A66: =IFERROR(__xludf.DUMMYFUNCTION("""COMPUTED_VALUE"""),"G-REQ-00065") -> G-REQ-00065 | B66: =IFERROR(__xludf.DUMMYFUNCTION("""COMPUTED_VALUE"""),45765.94060677323) -> 45765.941 | C66: =IFERROR(__xludf.DUMMYFUNCTION("""COMPUTED_VALUE"""),751.0) -> 751 | D66: =IFERROR(__xludf.DUMMYFUNCTION("""COMPUTED_VALUE"""),"Completed") -> Completed
A67: =IFERROR(__xludf.DUMMYFUNCTION("""COMPUTED_VALUE"""),"G-REQ-00066") -> G-REQ-00066 | B67: =IFERROR(__xludf.DUMMYFUNCTION("""COMPUTED_VALUE"""),45766.01178161864) -> 45766.012 | C67: =IFERROR(__xludf.DUMMYFUNCTION("""COMPUTED_VALUE"""),755.0) -> 755 | D67: =IFERROR(__xludf.DUMMYFUNCTION("""COMPUTED_VALUE"""),"Completed") -> Completed
A68: =IFERROR(__xludf.DUMMYFUNCTION("""COMPUTED_VALUE"""),"G-REQ-00067") -> G-REQ-00067 | B68: =IFERROR(__xludf.DUMMYFUNCTION("""COMPUTED_VALUE"""),45766.08295646406) -> 45766.083 | C68: =IFERROR(__xludf.DUMMYFUNCTION("""COMPUTED_VALUE"""),759.0) -> 759 | D68: =IFERROR(__xludf.DUMMYFUNCTION("""COMPUTED_VALUE"""),"Completed") -> Completed
A69: =IFERROR(__xludf.DUMMYFUNCTION("""COMPUTED_VALUE"""),"G-REQ-00068") -> G-REQ-00068 | B69: =IFERROR(__xludf.DUMMYFUNCTION("""COMPUTED_VALUE"""),45766.15413130948) -> 45766.154 | C69: =IFERROR(__xludf.DUMMYFUNCTION("""COMPUTED_VALUE"""),763.0) -> 763 | D69: =IFERROR(__xludf.DUMMYFUNCTION("""COMPUTED_VALUE"""),"Completed") -> Completed
A70: =IFERROR(__xludf.DUMMYFUNCTION("""COMPUTED_VALUE"""),"G-REQ-00069") -> G-REQ-00069 | B70: =IFERROR(__xludf.DUMMYFUNCTION("""COMPUTED_VALUE"""),45766.22530615488) -> 45766.225 | C70: =IFERROR(__xludf.DUMMYFUNCTION("""COMPUTED_VALUE"""),767.0) -> 767 | D70: =IFERROR(__xludf.DUMMYFUNCTION("""COMPUTED_VALUE"""),"Completed") -> Completed
A71: =IFERROR(__xludf.DUMMYFUNCTION("""COMPUTED_VALUE"""),"G-REQ-00070") -> G-REQ-00070 | B71: =IFERROR(__xludf.DUMMYFUNCTION("""COMPUTED_VALUE"""),45766.2964810003) -> 45766.296 | C71: =IFERROR(__xludf.DUMMYFUNCTION("""COMPUTED_VALUE"""),771.0) -> 771 | D71: =IFERROR(__xludf.DUMMYFUNCTION("""COMPUTED_VALUE"""),"Completed") -> Completed
A72: =IFERROR(__xludf.DUMMYFUNCTION("""COMPUTED_VALUE"""),"G-REQ-00071") -> G-REQ-00071 | B72: =IFERROR(__xludf.DUMMYFUNCTION("""COMPUTED_VALUE"""),45766.367655845715) -> 45766.368 | C72: =IFERROR(__xludf.DUMMYFUNCTION("""COMPUTED_VALUE"""),775.0) -> 775 | D72: =IFERROR(__xludf.DUMMYFUNCTION("""COMPUTED_VALUE"""),"Completed") -> Completed
A73: =IFERROR(__xludf.DUMMYFUNCTION("""COMPUTED_VALUE"""),"G-REQ-00072") -> G-REQ-00072 | B73: =IFERROR(__xludf.DUMMYFUNCTION("""COMPUTED_VALUE"""),45766.438830691135) -> 45766.439 | C73: =IFERROR(__xludf.DUMMYFUNCTION("""COMPUTED_VALUE"""),779.0) -> 779 | D73: =IFERROR(__xludf.DUMMYFUNCTION("""COMPUTED_VALUE"""),"Completed") -> Completed
A74: =IFERROR(__xludf.DUMMYFUNCTION("""COMPUTED_VALUE"""),"G-REQ-00073") -> G-REQ-00073 | B74: =IFERROR(__xludf.DUMMYFUNCTION("""COMPUTED_VALUE"""),45766.51000553655) -> 45766.51 | C74: =IFERROR(__xludf.DUMMYFUNCTION("""COMPUTED_VALUE"""),783.0) -> 783 | D74: =IFERROR(__xludf.DUMMYFUNCTION("""COMPUTED_VALUE"""),"Completed") -> Completed
A75: =IFERROR(__xludf.DUMMYFUNCTION("""COMPUTED_VALUE"""),"G-REQ-00074") -> G-REQ-00074 | B75: =IFERROR(__xludf.DUMMYFUNCTION("""COMPUTED_VALUE"""),45766.58118038197) -> 45766.581 | C75: =IFERROR(__xludf.DUMMYFUNCTION("""COMPUTED_VALUE"""),787.0) -> 787 | D75: =IFERROR(__xludf.DUMMYFUNCTION("""COMPUTED_VALUE"""),"Completed") -> Completed
A76: =IFERROR(__xludf.DUMMYFUNCTION("""COMPUTED_VALUE"""),"G-REQ-00075") -> G-REQ-00075 | B76: =IFERROR(__xludf.DUMMYFUNCTION("""COMPUTED_VALUE"""),45766.65235522737) -> 45766.652 | C76: =IFERROR(__xludf.DUMMYFUNCTION("""COMPUTED_VALUE"""),791.0) -> 791 | D76: =IFERROR(__xludf.DUMMYFUNCTION("""COMPUTED_VALUE"""),"Completed") -> Completed
A77: =IFERROR(__xludf.DUMMYFUNCTION("""COMPUTED_VALUE"""),"G-REQ-00076") -> G-REQ-00076 | B77: =IFERROR(__xludf.DUMMYFUNCTION("""COMPUTED_VALUE"""),45766.72353007279) -> 45766.724 | C77: =IFERROR(__xludf.DUMMYFUNCTION("""COMPUTED_VALUE"""),795.0) -> 795 | D77: =IFERROR(__xludf.DUMMYFUNCTION("""COMPUTED_VALUE"""),"Completed") -> Completed
A78: =IFERROR(__xludf.DUMMYFUNCTION("""COMPUTED_VALUE"""),"G-REQ-00077") -> G-REQ-00077 | B78: =IFERROR(__xludf.DUMMYFUNCTION("""COMPUTED_VALUE"""),45766.79470491821) -> 45766.795 | C78: =IFERROR(__xludf.DUMMYFUNCTION("""COMPUTED_VALUE"""),799.0) -> 799 | D78: =IFERROR(__xludf.DUMMYFUNCTION("""COMPUTED_VALUE"""),"Completed") -> Completed
A79: =IFERROR(__xludf.DUMMYFUNCTION("""COMPUTED_VALUE"""),"G-REQ-00078") -> G-REQ-00078 | B79: =IFERROR(__xludf.DUMMYFUNCTION("""COMPUTED_VALUE"""),45766.86587976362) -> 45766.866 | C79: =IFERROR(__xludf.DUMMYFUNCTION("""COMPUTED_VALUE"""),803.0) -> 803 | D79: =IFERROR(__xludf.DUMMYFUNCTION("""COMPUTED_VALUE"""),"Completed") -> Completed
A80: =IFERROR(__xludf.DUMMYFUNCTION("""COMPUTED_VALUE"""),"G-REQ-00079") -> G-REQ-00079 | B80: =IFERROR(__xludf.DUMMYFUNCTION("""COMPUTED_VALUE"""),45766.937054609036) -> 45766.937 | C80: =IFERROR(__xludf.DUMMYFUNCTION("""COMPUTED_VALUE"""),807.0) -> 807 | D80: =IFERROR(__xludf.DUMMYFUNCTION("""COMPUTED_VALUE"""),"Completed") -> Completed
A81: =IFERROR(__xludf.DUMMYFUNCTION("""COMPUTED_VALUE"""),"G-REQ-00080") -> G-REQ-00080 | B81: =IFERROR(__xludf.DUMMYFUNCTION("""COMPUTED_VALUE"""),45767.008229454455) -> 45767.008 | C81: =IFERROR(__xludf.DUMMYFUNCTION("""COMPUTED_VALUE"""),811.0) -> 811 | D81: =IFERROR(__xludf.DUMMYFUNCTION("""COMPUTED_VALUE"""),"Completed") -> Completed
A82: =IFERROR(__xludf.DUMMYFUNCTION("""COMPUTED_VALUE"""),"G-REQ-00081") -> G-REQ-00081 | B82: =IFERROR(__xludf.DUMMYFUNCTION("""COMPUTED_VALUE"""),45767.07940429987) -> 45767.079 | C82: =IFERROR(__xludf.DUMMYFUNCTION("""COMPUTED_VALUE"""),815.0) -> 815 | D82: =IFERROR(__xludf.DUMMYFUNCTION("""COMPUTED_VALUE"""),"Completed") -> Completed
A83: =IFERROR(__xludf.DUMMYFUNCTION("""COMPUTED_VALUE"""),"G-REQ-00082") -> G-REQ-00082 | B83: =IFERROR(__xludf.DUMMYFUNCTION("""COMPUTED_VALUE"""),45767.15057914528) -> 45767.151 | C83: =IFERROR(__xludf.DUMMYFUNCTION("""COMPUTED_VALUE"""),819.0) -> 819 | D83: =IFERROR(__xludf.DUMMYFUNCTION("""COMPUTED_VALUE"""),"Completed") -> Completed
A84: =IFERROR(__xludf.DUMMYFUNCTION("""COMPUTED_VALUE"""),"G-REQ-00083") -> G-REQ-00083 | B84: =IFERROR(__xludf.DUMMYFUNCTION("""COMPUTED_VALUE"""),45767.2217539907) -> 45767.222 | C84: =IFERROR(__xludf.DUMMYFUNCTION("""COMPUTED_VALUE"""),823.0) -> 823 | D84: =IFERROR(__xludf.DUMMYFUNCTION("""COMPUTED_VALUE"""),"Completed") -> Completed
A85: =IFERROR(__xludf.DUMMYFUNCTION("""COMPUTED_VALUE"""),"G-REQ-00084") -> G-REQ-00084 | B85: =IFERROR(__xludf.DUMMYFUNCTION("""COMPUTED_VALUE"""),45767.29292883612) -> 45767.293 | C85: =IFERROR(__xludf.DUMMYFUNCTION("""COMPUTED_VALUE"""),827.0) -> 827 | D85: =IFERROR(__xludf.DUMMYFUNCTION("""COMPUTED_VALUE"""),"Completed") -> Completed
A86: =IFERROR(__xludf.DUMMYFUNCTION("""COMPUTED_VALUE"""),"G-REQ-00085") -> G-REQ-00085 | B86: =IFERROR(__xludf.DUMMYFUNCTION("""COMPUTED_VALUE"""),45767.35715923708) -> 45767.357 | C86: =IFERROR(__xludf.DUMMYFUNCTION("""COMPUTED_VALUE"""),829.0) -> 829 | D86: =IFERROR(__xludf.DUMMYFUNCTION("""COMPUTED_VALUE"""),"Cancelled") -> Cancelled
A87: =IFERROR(__xludf.DUMMYFUNCTION("""COMPUTED_VALUE"""),"G-REQ-00086") -> G-REQ-00086 | B87: =IFERROR(__xludf.DUMMYFUNCTION("""COMPUTED_VALUE"""),45767.435278526944) -> 45767.435 | C87: =IFERROR(__xludf.DUMMYFUNCTION("""COMPUTED_VALUE"""),833.0) -> 833 | D87: =IFERROR(__xludf.DUMMYFUNCTION("""COMPUTED_VALUE"""),"Completed") -> Completed
A88: =IFERROR(__xludf.DUMMYFUNCTION("""COMPUTED_VALUE"""),"G-REQ-00087") -> G-REQ-00087 | B88: =IFERROR(__xludf.DUMMYFUNCTION("""COMPUTED_VALUE"""),45767.506453372356) -> 45767.506 | C88: =IFERROR(__xludf.DUMMYFUNCTION("""COMPUTED_VALUE"""),837.0) -> 837 | D88: =IFERROR(__xludf.DUMMYFUNCTION("""COMPUTED_VALUE"""),"Completed") -> Completed
A89: =IFERROR(__xludf.DUMMYFUNCTION("""COMPUTED_VALUE"""),"G-REQ-00088") -> G-REQ-00088 | B89: =IFERROR(__xludf.DUMMYFUNCTION("""COMPUTED_VALUE"""),45767.577628217776) -> 45767.578 | C89: =IFERROR(__xludf.DUMMYFUNCTION("""COMPUTED_VALUE"""),841.0) -> 841 | D89: =IFERROR(__xludf.DUMMYFUNCTION("""COMPUTED_VALUE"""),"Completed") -> Completed
A90: =IFERROR(__xludf.DUMMYFUNCTION("""COMPUTED_VALUE"""),"G-REQ-00089") -> G-REQ-00089 | B90: =IFERROR(__xludf.DUMMYFUNCTION("""COMPUTED_VALUE"""),45767.64880306319) -> 45767.649 | C90: =IFERROR(__xludf.DUMMYFUNCTION("""COMPUTED_VALUE"""),845.0) -> 845 | D90: =IFERROR(__xludf.DUMMYFUNCTION("""COMPUTED_VALUE"""),"Completed") -> Completed
A91: =IFERROR(__xludf.DUMMYFUNCTION("""COMPUTED_VALUE"""),"G-REQ-00090") -> G-REQ-00090 | B91: =IFERROR(__xludf.DUMMYFUNCTION("""COMPUTED_VALUE"""),45767.71997790861) -> 45767.72 | C91: =IFERROR(__xludf.DUMMYFUNCTION("""COMPUTED_VALUE"""),849.0) -> 849 | D91: =IFERROR(__xludf.DUMMYFUNCTION("""COMPUTED_VALUE"""),"Completed") -> Completed
A92: =IFERROR(__xludf.DUMMYFUNCTION("""COMPUTED_VALUE"""),"G-REQ-00091") -> G-REQ-00091 | B92: =IFERROR(__xludf.DUMMYFUNCTION("""COMPUTED_VALUE"""),45767.79115275402) -> 45767.791 | C92: =IFERROR(__xludf.DUMMYFUNCTION("""COMPUTED_VALUE"""),853.0) -> 853 | D92: =IFERROR(__xludf.DUMMYFUNCTION("""COMPUTED_VALUE"""),"Completed") -> Completed
A93: =IFERROR(__xludf.DUMMYFUNCTION("""COMPUTED_VALUE"""),"G-REQ-00092") -> G-REQ-00092 | B93: =IFERROR(__xludf.DUMMYFUNCTION("""COMPUTED_VALUE"""),45767.85538315499) -> 45767.855 | C93: =IFERROR(__xludf.DUMMYFUNCTION("""COMPUTED_VALUE"""),855.0) -> 855 | D93: =IFERROR(__xludf.DUMMYFUNCTION("""COMPUTED_VALUE"""),"Rejected") -> Rejected
A94: =IFERROR(__xludf.DUMMYFUNCTION("""COMPUTED_VALUE"""),"G-REQ-00093") -> G-REQ-00093 | B94: =IFERROR(__xludf.DUMMYFUNCTION("""COMPUTED_VALUE"""),45767.93350244485) -> 45767.933 | C94: =IFERROR(__xludf.DUMMYFUNCTION("""COMPUTED_VALUE"""),859.0) -> 859 | D94: =IFERROR(__xludf.DUMMYFUNCTION("""COMPUTED_VALUE"""),"Completed") -> Completed
A95: =IFERROR(__xludf.DUMMYFUNCTION("""COMPUTED_VALUE"""),"G-REQ-00094") -> G-REQ-00094 | B95: =IFERROR(__xludf.DUMMYFUNCTION("""COMPUTED_VALUE"""),45768.004677290264) -> 45768.005 | C95: =IFERROR(__xludf.DUMMYFUNCTION("""COMPUTED_VALUE"""),863.0) -> 863 | D95: =IFERROR(__xludf.DUMMYFUNCTION("""COMPUTED_VALUE"""),"Completed") -> Completed
A96: =IFERROR(__xludf.DUMMYFUNCTION("""COMPUTED_VALUE"""),"G-REQ-00095") -> G-REQ-00095 | B96: =IFERROR(__xludf.DUMMYFUNCTION("""COMPUTED_VALUE"""),45768.07585213568) -> 45768.076 | C96: =IFERROR(__xludf.DUMMYFUNCTION("""COMPUTED_VALUE"""),867.0) -> 867 | D96: =IFERROR(__xludf.DUMMYFUNCTION("""COMPUTED_VALUE"""),"Completed") -> Completed
A97: =IFERROR(__xludf.DUMMYFUNCTION("""COMPUTED_VALUE"""),"G-REQ-00096") -> G-REQ-00096 | B97: =IFERROR(__xludf.DUMMYFUNCTION("""COMPUTED_VALUE"""),45768.14008253665) -> 45768.14 | C97: =IFERROR(__xludf.DUMMYFUNCTION("""COMPUTED_VALUE"""),869.0) -> 869 | D97: =IFERROR(__xludf.DUMMYFUNCTION("""COMPUTED_VALUE"""),"Rejected") -> Rejected
A98: =IFERROR(__xludf.DUMMYFUNCTION("""COMPUTED_VALUE"""),"G-REQ-00097") -> G-REQ-00097 | B98: =IFERROR(__xludf.DUMMYFUNCTION("""COMPUTED_VALUE"""),45768.21820182651) -> 45768.218 | C98: =IFERROR(__xludf.DUMMYFUNCTION("""COMPUTED_VALUE"""),873.0) -> 873 | D98: =IFERROR(__xludf.DUMMYFUNCTION("""COMPUTED_VALUE"""),"Completed") -> Completed
A99: =IFERROR(__xludf.DUMMYFUNCTION("""COMPUTED_VALUE"""),"G-REQ-00098") -> G-REQ-00098 | B99: =IFERROR(__xludf.DUMMYFUNCTION("""COMPUTED_VALUE"""),45768.28937667192) -> 45768.289 | C99: =IFERROR(__xludf.DUMMYFUNCTION("""COMPUTED_VALUE"""),877.0) -> 877 | D99: =IFERROR(__xludf.DUMMYFUNCTION("""COMPUTED_VALUE"""),"Completed") -> Completed
A100: =IFERROR(__xludf.DUMMYFUNCTION("""COMPUTED_VALUE"""),"G-REQ-00099") -> G-REQ-00099 | B100: =IFERROR(__xludf.DUMMYFUNCTION("""COMPUTED_VALUE"""),45768.36055151734) -> 45768.361 | C100: =IFERROR(__xludf.DUMMYFUNCTION("""COMPUTED_VALUE"""),881.0) -> 881 | D100: =IFERROR(__xludf.DUMMYFUNCTION("""COMPUTED_VALUE"""),"Completed") -> Completed
...
